# kind	source	symbol	disposition	rationale
builder	crates/gvm-gmp/src/commands/agent_groups.rs	clone_agent_group	transitional	Pending bounded family migration under #602.
builder	crates/gvm-gmp/src/commands/agent_groups.rs	create_agent_group	transitional	Pending bounded family migration under #602.
builder	crates/gvm-gmp/src/commands/agent_groups.rs	delete_agent_group	transitional	Pending bounded family migration under #602.
builder	crates/gvm-gmp/src/commands/agent_groups.rs	get_agent_group	transitional	Pending bounded family migration under #602.
builder	crates/gvm-gmp/src/commands/agent_groups.rs	get_agent_groups	transitional	Pending bounded family migration under #602.
builder	crates/gvm-gmp/src/commands/agent_groups.rs	modify_agent_group	transitional	Pending bounded family migration under #602.
builder	crates/gvm-gmp/src/commands/agents.rs	delete_agent	transitional	Pending bounded family migration under #602.
builder	crates/gvm-gmp/src/commands/agents.rs	get_agent	transitional	Pending bounded family migration under #602.
builder	crates/gvm-gmp/src/commands/agents.rs	get_agent_installer_instruction	transitional	Pending bounded family migration under #602.
builder	crates/gvm-gmp/src/commands/agents.rs	get_agent_support_bundle	transitional	Pending bounded family migration under #602.
builder	crates/gvm-gmp/src/commands/agents.rs	get_agents	transitional	Pending bounded family migration under #602.
builder	crates/gvm-gmp/src/commands/agents.rs	modify_agent	transitional	Pending bounded family migration under #602.
builder	crates/gvm-gmp/src/commands/agents.rs	modify_agent_control_scan_config	transitional	Pending bounded family migration under #602.
builder	crates/gvm-gmp/src/commands/agents.rs	sync_agents	transitional	Pending bounded family migration under #602.
builder	crates/gvm-gmp/src/commands/aggregates.rs	get_aggregates	transitional	Pending bounded family migration under #602.
builder	crates/gvm-gmp/src/commands/aggregates.rs	get_aggregates_request	transitional	Pending bounded family migration under #602.
builder	crates/gvm-gmp/src/commands/alerts.rs	clone_alert	transitional	Pending bounded family migration under #602.
builder	crates/gvm-gmp/src/commands/alerts.rs	create_alert	transitional	Pending bounded family migration under #602.
builder	crates/gvm-gmp/src/commands/alerts.rs	delete_alert	transitional	Pending bounded family migration under #602.
builder	crates/gvm-gmp/src/commands/alerts.rs	get_alert	transitional	Pending bounded family migration under #602.
builder	crates/gvm-gmp/src/commands/alerts.rs	get_alerts	transitional	Pending bounded family migration under #602.
builder	crates/gvm-gmp/src/commands/alerts.rs	modify_alert	transitional	Pending bounded family migration under #602.
builder	crates/gvm-gmp/src/commands/alerts.rs	test_alert	transitional	Pending bounded family migration under #602.
builder	crates/gvm-gmp/src/commands/alerts.rs	trigger_alert	transitional	Pending bounded family migration under #602.
builder	crates/gvm-gmp/src/commands/assets.rs	create_asset	transitional	Pending bounded family migration under #602.
builder	crates/gvm-gmp/src/commands/assets.rs	delete_asset	transitional	Pending bounded family migration under #602.
builder	crates/gvm-gmp/src/commands/assets.rs	get_assets	transitional	Pending bounded family migration under #602.
builder	crates/gvm-gmp/src/commands/assets.rs	modify_asset	transitional	Pending bounded family migration under #602.
builder	crates/gvm-gmp/src/commands/authentication.rs	authenticate	transitional	Pending bounded family migration under #602.
builder	crates/gvm-gmp/src/commands/configs.rs	clone_config	transitional	Pending bounded family migration under #602.
builder	crates/gvm-gmp/src/commands/configs.rs	create_config	transitional	Pending bounded family migration under #602.
builder	crates/gvm-gmp/src/commands/configs.rs	delete_config	transitional	Pending bounded family migration under #602.
builder	crates/gvm-gmp/src/commands/configs.rs	get_config	transitional	Pending bounded family migration under #602.
builder	crates/gvm-gmp/src/commands/configs.rs	get_configs	transitional	Pending bounded family migration under #602.
builder	crates/gvm-gmp/src/commands/configs.rs	modify_config	transitional	Pending bounded family migration under #602.
builder	crates/gvm-gmp/src/commands/credentials.rs	clone_credential	transitional	Pending bounded family migration under #602.
builder	crates/gvm-gmp/src/commands/credentials.rs	create_credential	transitional	Pending bounded family migration under #602.
builder	crates/gvm-gmp/src/commands/credentials.rs	create_credential_store_credential	transitional	Pending bounded family migration under #602.
builder	crates/gvm-gmp/src/commands/credentials.rs	delete_credential	transitional	Pending bounded family migration under #602.
builder	crates/gvm-gmp/src/commands/credentials.rs	get_credential	transitional	Pending bounded family migration under #602.
builder	crates/gvm-gmp/src/commands/credentials.rs	get_credential_store	transitional	Pending bounded family migration under #602.
builder	crates/gvm-gmp/src/commands/credentials.rs	get_credential_stores	transitional	Pending bounded family migration under #602.
builder	crates/gvm-gmp/src/commands/credentials.rs	get_credential_stores_with_opts	transitional	Pending bounded family migration under #602.
builder	crates/gvm-gmp/src/commands/credentials.rs	get_credentials	transitional	Pending bounded family migration under #602.
builder	crates/gvm-gmp/src/commands/credentials.rs	modify_credential	transitional	Pending bounded family migration under #602.
builder	crates/gvm-gmp/src/commands/credentials.rs	modify_credential_store	transitional	Pending bounded family migration under #602.
builder	crates/gvm-gmp/src/commands/credentials.rs	modify_credential_store_credential	transitional	Pending bounded family migration under #602.
builder	crates/gvm-gmp/src/commands/credentials.rs	verify_credential_store	transitional	Pending bounded family migration under #602.
builder	crates/gvm-gmp/src/commands/features.rs	get_features	transitional	Pending bounded family migration under #602.
builder	crates/gvm-gmp/src/commands/feed.rs	get_feed	transitional	Pending bounded family migration under #602.
builder	crates/gvm-gmp/src/commands/feed.rs	get_feeds	transitional	Pending bounded family migration under #602.
builder	crates/gvm-gmp/src/commands/filters.rs	clone_filter	transitional	Pending bounded family migration under #602.
builder	crates/gvm-gmp/src/commands/filters.rs	create_filter	transitional	Pending bounded family migration under #602.
builder	crates/gvm-gmp/src/commands/filters.rs	delete_filter	transitional	Pending bounded family migration under #602.
builder	crates/gvm-gmp/src/commands/filters.rs	get_filter	transitional	Pending bounded family migration under #602.
builder	crates/gvm-gmp/src/commands/filters.rs	get_filters	transitional	Pending bounded family migration under #602.
builder	crates/gvm-gmp/src/commands/filters.rs	modify_filter	transitional	Pending bounded family migration under #602.
builder	crates/gvm-gmp/src/commands/groups.rs	clone_group	transitional	Pending bounded family migration under #602.
builder	crates/gvm-gmp/src/commands/groups.rs	create_group	transitional	Pending bounded family migration under #602.
builder	crates/gvm-gmp/src/commands/groups.rs	delete_group	transitional	Pending bounded family migration under #602.
builder	crates/gvm-gmp/src/commands/groups.rs	get_group	transitional	Pending bounded family migration under #602.
builder	crates/gvm-gmp/src/commands/groups.rs	get_groups	transitional	Pending bounded family migration under #602.
builder	crates/gvm-gmp/src/commands/groups.rs	modify_group	transitional	Pending bounded family migration under #602.
builder	crates/gvm-gmp/src/commands/help.rs	help	transitional	Pending bounded family migration under #602.
builder	crates/gvm-gmp/src/commands/help.rs	help_with_mode	transitional	Pending bounded family migration under #602.
builder	crates/gvm-gmp/src/commands/hosts.rs	create_host	transitional	Pending bounded family migration under #602.
builder	crates/gvm-gmp/src/commands/hosts.rs	delete_host	transitional	Pending bounded family migration under #602.
builder	crates/gvm-gmp/src/commands/hosts.rs	get_host	transitional	Pending bounded family migration under #602.
builder	crates/gvm-gmp/src/commands/hosts.rs	get_hosts	transitional	Pending bounded family migration under #602.
builder	crates/gvm-gmp/src/commands/hosts.rs	modify_host	transitional	Pending bounded family migration under #602.
builder	crates/gvm-gmp/src/commands/integration_configs.rs	get_integration_config	transitional	Pending bounded family migration under #602.
builder	crates/gvm-gmp/src/commands/integration_configs.rs	get_integration_configs	transitional	Pending bounded family migration under #602.
builder	crates/gvm-gmp/src/commands/integration_configs.rs	modify_integration_config	transitional	Pending bounded family migration under #602.
builder	crates/gvm-gmp/src/commands/notes.rs	clone_note	transitional	Pending bounded family migration under #602.
builder	crates/gvm-gmp/src/commands/notes.rs	create_note	transitional	Pending bounded family migration under #602.
builder	crates/gvm-gmp/src/commands/notes.rs	delete_note	transitional	Pending bounded family migration under #602.
builder	crates/gvm-gmp/src/commands/notes.rs	get_note	transitional	Pending bounded family migration under #602.
builder	crates/gvm-gmp/src/commands/notes.rs	get_notes	transitional	Pending bounded family migration under #602.
builder	crates/gvm-gmp/src/commands/notes.rs	modify_note	transitional	Pending bounded family migration under #602.
builder	crates/gvm-gmp/src/commands/nvts.rs	get_nvt	transitional	Pending bounded family migration under #602.
builder	crates/gvm-gmp/src/commands/nvts.rs	get_nvt_families	transitional	Pending bounded family migration under #602.
builder	crates/gvm-gmp/src/commands/nvts.rs	get_nvt_preference	transitional	Pending bounded family migration under #602.
builder	crates/gvm-gmp/src/commands/nvts.rs	get_nvt_preferences	transitional	Pending bounded family migration under #602.
builder	crates/gvm-gmp/src/commands/nvts.rs	get_nvts	transitional	Pending bounded family migration under #602.
builder	crates/gvm-gmp/src/commands/nvts.rs	get_scan_config_nvt	transitional	Pending bounded family migration under #602.
builder	crates/gvm-gmp/src/commands/nvts.rs	get_scan_config_nvts	transitional	Pending bounded family migration under #602.
builder	crates/gvm-gmp/src/commands/oci_image_targets.rs	clone_oci_image_target	removed	Removed by #609; CloneOciImageTargetRequest owns canonical encoding.
builder	crates/gvm-gmp/src/commands/oci_image_targets.rs	create_oci_image_target	removed	Removed by #609; CreateOciImageTargetRequest owns canonical encoding.
builder	crates/gvm-gmp/src/commands/oci_image_targets.rs	delete_oci_image_target	removed	Removed by #609; DeleteOciImageTargetRequest owns canonical encoding.
builder	crates/gvm-gmp/src/commands/oci_image_targets.rs	get_oci_image_target	removed	Removed by #609; GetOciImageTargetRequest owns canonical encoding.
builder	crates/gvm-gmp/src/commands/oci_image_targets.rs	get_oci_image_targets	removed	Removed by #609; GetOciImageTargetsRequest owns canonical encoding.
builder	crates/gvm-gmp/src/commands/oci_image_targets.rs	modify_oci_image_target	removed	Removed by #609; ModifyOciImageTargetRequest owns canonical encoding.
builder	crates/gvm-gmp/src/commands/operating_systems.rs	delete_operating_system	transitional	Pending bounded family migration under #602.
builder	crates/gvm-gmp/src/commands/operating_systems.rs	get_operating_system	transitional	Pending bounded family migration under #602.
builder	crates/gvm-gmp/src/commands/operating_systems.rs	get_operating_systems	transitional	Pending bounded family migration under #602.
builder	crates/gvm-gmp/src/commands/operating_systems.rs	modify_operating_system	transitional	Pending bounded family migration under #602.
builder	crates/gvm-gmp/src/commands/overrides.rs	clone_override	transitional	Pending bounded family migration under #602.
builder	crates/gvm-gmp/src/commands/overrides.rs	create_override	transitional	Pending bounded family migration under #602.
builder	crates/gvm-gmp/src/commands/overrides.rs	delete_override	transitional	Pending bounded family migration under #602.
builder	crates/gvm-gmp/src/commands/overrides.rs	get_override	transitional	Pending bounded family migration under #602.
builder	crates/gvm-gmp/src/commands/overrides.rs	get_overrides	transitional	Pending bounded family migration under #602.
builder	crates/gvm-gmp/src/commands/overrides.rs	modify_override	transitional	Pending bounded family migration under #602.
builder	crates/gvm-gmp/src/commands/permissions.rs	clone_permission	transitional	Pending bounded family migration under #602.
builder	crates/gvm-gmp/src/commands/permissions.rs	create_permission	transitional	Pending bounded family migration under #602.
builder	crates/gvm-gmp/src/commands/permissions.rs	delete_permission	transitional	Pending bounded family migration under #602.
builder	crates/gvm-gmp/src/commands/permissions.rs	get_permission	transitional	Pending bounded family migration under #602.
builder	crates/gvm-gmp/src/commands/permissions.rs	get_permissions	transitional	Pending bounded family migration under #602.
builder	crates/gvm-gmp/src/commands/permissions.rs	modify_permission	transitional	Pending bounded family migration under #602.
builder	crates/gvm-gmp/src/commands/port_lists.rs	clone_port_list	transitional	Pending bounded family migration under #602.
builder	crates/gvm-gmp/src/commands/port_lists.rs	create_port_list	transitional	Pending bounded family migration under #602.
builder	crates/gvm-gmp/src/commands/port_lists.rs	create_port_range	transitional	Pending bounded family migration under #602.
builder	crates/gvm-gmp/src/commands/port_lists.rs	delete_port_list	transitional	Pending bounded family migration under #602.
builder	crates/gvm-gmp/src/commands/port_lists.rs	delete_port_range	transitional	Pending bounded family migration under #602.
builder	crates/gvm-gmp/src/commands/port_lists.rs	get_port_list	transitional	Pending bounded family migration under #602.
builder	crates/gvm-gmp/src/commands/port_lists.rs	get_port_lists	transitional	Pending bounded family migration under #602.
builder	crates/gvm-gmp/src/commands/port_lists.rs	modify_port_list	transitional	Pending bounded family migration under #602.
builder	crates/gvm-gmp/src/commands/report_configs.rs	clone_report_config	transitional	Pending bounded family migration under #602.
builder	crates/gvm-gmp/src/commands/report_configs.rs	create_report_config	transitional	Pending bounded family migration under #602.
builder	crates/gvm-gmp/src/commands/report_configs.rs	create_report_config_opts	transitional	Pending bounded family migration under #602.
builder	crates/gvm-gmp/src/commands/report_configs.rs	delete_report_config	transitional	Pending bounded family migration under #602.
builder	crates/gvm-gmp/src/commands/report_configs.rs	delete_report_config_opts	transitional	Pending bounded family migration under #602.
builder	crates/gvm-gmp/src/commands/report_configs.rs	get_report_config	transitional	Pending bounded family migration under #602.
builder	crates/gvm-gmp/src/commands/report_configs.rs	get_report_configs	transitional	Pending bounded family migration under #602.
builder	crates/gvm-gmp/src/commands/report_configs.rs	get_report_configs_opts	transitional	Pending bounded family migration under #602.
builder	crates/gvm-gmp/src/commands/report_configs.rs	modify_report_config	transitional	Pending bounded family migration under #602.
builder	crates/gvm-gmp/src/commands/report_formats.rs	clone_report_format	transitional	Pending bounded family migration under #602.
builder	crates/gvm-gmp/src/commands/report_formats.rs	create_report_format	transitional	Pending bounded family migration under #602.
builder	crates/gvm-gmp/src/commands/report_formats.rs	delete_report_format	transitional	Pending bounded family migration under #602.
builder	crates/gvm-gmp/src/commands/report_formats.rs	get_report_format	transitional	Pending bounded family migration under #602.
builder	crates/gvm-gmp/src/commands/report_formats.rs	get_report_formats	transitional	Pending bounded family migration under #602.
builder	crates/gvm-gmp/src/commands/report_formats.rs	import_report_format	transitional	Pending bounded family migration under #602.
builder	crates/gvm-gmp/src/commands/report_formats.rs	modify_report_format	transitional	Pending bounded family migration under #602.
builder	crates/gvm-gmp/src/commands/report_formats.rs	verify_report_format	transitional	Pending bounded family migration under #602.
builder	crates/gvm-gmp/src/commands/reports.rs	create_report	transitional	Pending bounded family migration under #602.
builder	crates/gvm-gmp/src/commands/reports.rs	delete_audit_report	transitional	Pending bounded family migration under #602.
builder	crates/gvm-gmp/src/commands/reports.rs	delete_report	transitional	Pending bounded family migration under #602.
builder	crates/gvm-gmp/src/commands/reports.rs	export_scan_report	transitional	Pending bounded family migration under #602.
builder	crates/gvm-gmp/src/commands/reports.rs	get_audit_report	transitional	Pending bounded family migration under #602.
builder	crates/gvm-gmp/src/commands/reports.rs	get_audit_report_hosts	transitional	Pending bounded family migration under #602.
builder	crates/gvm-gmp/src/commands/reports.rs	get_audit_reports	transitional	Pending bounded family migration under #602.
builder	crates/gvm-gmp/src/commands/reports.rs	get_report	transitional	Pending bounded family migration under #602.
builder	crates/gvm-gmp/src/commands/reports.rs	get_report_applications	transitional	Pending bounded family migration under #602.
builder	crates/gvm-gmp/src/commands/reports.rs	get_report_closed_cves	transitional	Pending bounded family migration under #602.
builder	crates/gvm-gmp/src/commands/reports.rs	get_report_cves	transitional	Pending bounded family migration under #602.
builder	crates/gvm-gmp/src/commands/reports.rs	get_report_errors	transitional	Pending bounded family migration under #602.
builder	crates/gvm-gmp/src/commands/reports.rs	get_report_export	transitional	Pending bounded family migration under #602.
builder	crates/gvm-gmp/src/commands/reports.rs	get_report_export_with_opts	transitional	Pending bounded family migration under #602.
builder	crates/gvm-gmp/src/commands/reports.rs	get_report_hosts	transitional	Pending bounded family migration under #602.
builder	crates/gvm-gmp/src/commands/reports.rs	get_report_operating_systems	transitional	Pending bounded family migration under #602.
builder	crates/gvm-gmp/src/commands/reports.rs	get_report_ports	transitional	Pending bounded family migration under #602.
builder	crates/gvm-gmp/src/commands/reports.rs	get_report_tls_certificates	transitional	Pending bounded family migration under #602.
builder	crates/gvm-gmp/src/commands/reports.rs	get_report_vulnerabilities	transitional	Pending bounded family migration under #602.
builder	crates/gvm-gmp/src/commands/reports.rs	get_report_vulns	transitional	Pending bounded family migration under #602.
builder	crates/gvm-gmp/src/commands/reports.rs	get_reports	transitional	Pending bounded family migration under #602.
builder	crates/gvm-gmp/src/commands/reports.rs	get_scan_report	transitional	Pending bounded family migration under #602.
builder	crates/gvm-gmp/src/commands/reports.rs	import_report	transitional	Pending bounded family migration under #602.
builder	crates/gvm-gmp/src/commands/results.rs	get_result	transitional	Pending bounded family migration under #602.
builder	crates/gvm-gmp/src/commands/results.rs	get_results	transitional	Pending bounded family migration under #602.
builder	crates/gvm-gmp/src/commands/roles.rs	clone_role	transitional	Pending bounded family migration under #602.
builder	crates/gvm-gmp/src/commands/roles.rs	create_role	transitional	Pending bounded family migration under #602.
builder	crates/gvm-gmp/src/commands/roles.rs	delete_role	transitional	Pending bounded family migration under #602.
builder	crates/gvm-gmp/src/commands/roles.rs	get_role	transitional	Pending bounded family migration under #602.
builder	crates/gvm-gmp/src/commands/roles.rs	get_roles	transitional	Pending bounded family migration under #602.
builder	crates/gvm-gmp/src/commands/roles.rs	modify_role	transitional	Pending bounded family migration under #602.
builder	crates/gvm-gmp/src/commands/scan_configs.rs	clone_policy	transitional	Pending bounded family migration under #602.
builder	crates/gvm-gmp/src/commands/scan_configs.rs	clone_scan_config	transitional	Pending bounded family migration under #602.
builder	crates/gvm-gmp/src/commands/scan_configs.rs	create_policy	transitional	Pending bounded family migration under #602.
builder	crates/gvm-gmp/src/commands/scan_configs.rs	create_scan_config	transitional	Pending bounded family migration under #602.
builder	crates/gvm-gmp/src/commands/scan_configs.rs	delete_policy	transitional	Pending bounded family migration under #602.
builder	crates/gvm-gmp/src/commands/scan_configs.rs	delete_scan_config	transitional	Pending bounded family migration under #602.
builder	crates/gvm-gmp/src/commands/scan_configs.rs	get_policies	transitional	Pending bounded family migration under #602.
builder	crates/gvm-gmp/src/commands/scan_configs.rs	get_policy	transitional	Pending bounded family migration under #602.
builder	crates/gvm-gmp/src/commands/scan_configs.rs	get_scan_config	transitional	Pending bounded family migration under #602.
builder	crates/gvm-gmp/src/commands/scan_configs.rs	get_scan_config_preference	transitional	Pending bounded family migration under #602.
builder	crates/gvm-gmp/src/commands/scan_configs.rs	get_scan_config_preferences	transitional	Pending bounded family migration under #602.
builder	crates/gvm-gmp/src/commands/scan_configs.rs	get_scan_configs	transitional	Pending bounded family migration under #602.
builder	crates/gvm-gmp/src/commands/scan_configs.rs	import_policy	transitional	Pending bounded family migration under #602.
builder	crates/gvm-gmp/src/commands/scan_configs.rs	import_scan_config	transitional	Pending bounded family migration under #602.
builder	crates/gvm-gmp/src/commands/scan_configs.rs	modify_policy	transitional	Pending bounded family migration under #602.
builder	crates/gvm-gmp/src/commands/scan_configs.rs	modify_policy_set_comment	transitional	Pending bounded family migration under #602.
builder	crates/gvm-gmp/src/commands/scan_configs.rs	modify_policy_set_family_selection	transitional	Pending bounded family migration under #602.
builder	crates/gvm-gmp/src/commands/scan_configs.rs	modify_policy_set_name	transitional	Pending bounded family migration under #602.
builder	crates/gvm-gmp/src/commands/scan_configs.rs	modify_policy_set_nvt_preference	transitional	Pending bounded family migration under #602.
builder	crates/gvm-gmp/src/commands/scan_configs.rs	modify_policy_set_nvt_selection	transitional	Pending bounded family migration under #602.
builder	crates/gvm-gmp/src/commands/scan_configs.rs	modify_policy_set_scanner_preference	transitional	Pending bounded family migration under #602.
builder	crates/gvm-gmp/src/commands/scan_configs.rs	modify_scan_config	transitional	Pending bounded family migration under #602.
builder	crates/gvm-gmp/src/commands/scan_configs.rs	modify_scan_config_set_comment	transitional	Pending bounded family migration under #602.
builder	crates/gvm-gmp/src/commands/scan_configs.rs	modify_scan_config_set_family_selection	transitional	Pending bounded family migration under #602.
builder	crates/gvm-gmp/src/commands/scan_configs.rs	modify_scan_config_set_name	transitional	Pending bounded family migration under #602.
builder	crates/gvm-gmp/src/commands/scan_configs.rs	modify_scan_config_set_nvt_preference	transitional	Pending bounded family migration under #602.
builder	crates/gvm-gmp/src/commands/scan_configs.rs	modify_scan_config_set_nvt_selection	transitional	Pending bounded family migration under #602.
builder	crates/gvm-gmp/src/commands/scan_configs.rs	modify_scan_config_set_scanner_preference	transitional	Pending bounded family migration under #602.
builder	crates/gvm-gmp/src/commands/scan_configs.rs	sync_config	transitional	Pending bounded family migration under #602.
builder	crates/gvm-gmp/src/commands/scanners.rs	clone_scanner	transitional	Pending bounded family migration under #602.
builder	crates/gvm-gmp/src/commands/scanners.rs	create_scanner	transitional	Pending bounded family migration under #602.
builder	crates/gvm-gmp/src/commands/scanners.rs	delete_scanner	transitional	Pending bounded family migration under #602.
builder	crates/gvm-gmp/src/commands/scanners.rs	get_scanner	transitional	Pending bounded family migration under #602.
builder	crates/gvm-gmp/src/commands/scanners.rs	get_scanners	transitional	Pending bounded family migration under #602.
builder	crates/gvm-gmp/src/commands/scanners.rs	modify_scanner	transitional	Pending bounded family migration under #602.
builder	crates/gvm-gmp/src/commands/scanners.rs	verify_scanner	transitional	Pending bounded family migration under #602.
builder	crates/gvm-gmp/src/commands/schedules.rs	clone_schedule	transitional	Pending bounded family migration under #602.
builder	crates/gvm-gmp/src/commands/schedules.rs	create_schedule	transitional	Pending bounded family migration under #602.
builder	crates/gvm-gmp/src/commands/schedules.rs	create_typed_schedule	transitional	Pending bounded family migration under #602.
builder	crates/gvm-gmp/src/commands/schedules.rs	delete_schedule	transitional	Pending bounded family migration under #602.
builder	crates/gvm-gmp/src/commands/schedules.rs	get_schedule	transitional	Pending bounded family migration under #602.
builder	crates/gvm-gmp/src/commands/schedules.rs	get_schedules	transitional	Pending bounded family migration under #602.
builder	crates/gvm-gmp/src/commands/schedules.rs	modify_schedule	transitional	Pending bounded family migration under #602.
builder	crates/gvm-gmp/src/commands/schedules.rs	modify_typed_schedule	transitional	Pending bounded family migration under #602.
builder	crates/gvm-gmp/src/commands/secinfo.rs	get_cert_bund_advisories	transitional	Pending bounded family migration under #602.
builder	crates/gvm-gmp/src/commands/secinfo.rs	get_cert_bund_advisory	transitional	Pending bounded family migration under #602.
builder	crates/gvm-gmp/src/commands/secinfo.rs	get_cpe	transitional	Pending bounded family migration under #602.
builder	crates/gvm-gmp/src/commands/secinfo.rs	get_cpes	transitional	Pending bounded family migration under #602.
builder	crates/gvm-gmp/src/commands/secinfo.rs	get_cve	transitional	Pending bounded family migration under #602.
builder	crates/gvm-gmp/src/commands/secinfo.rs	get_cves	transitional	Pending bounded family migration under #602.
builder	crates/gvm-gmp/src/commands/secinfo.rs	get_dfn_cert_advisories	transitional	Pending bounded family migration under #602.
builder	crates/gvm-gmp/src/commands/secinfo.rs	get_dfn_cert_advisory	transitional	Pending bounded family migration under #602.
builder	crates/gvm-gmp/src/commands/secinfo.rs	get_info	transitional	Pending bounded family migration under #602.
builder	crates/gvm-gmp/src/commands/secinfo.rs	get_info_list	transitional	Pending bounded family migration under #602.
builder	crates/gvm-gmp/src/commands/secinfo.rs	get_operating_systems	transitional	Pending bounded family migration under #602.
builder	crates/gvm-gmp/src/commands/secinfo.rs	get_vulnerabilities	transitional	Pending bounded family migration under #602.
builder	crates/gvm-gmp/src/commands/system.rs	describe_auth	transitional	Pending bounded family migration under #602.
builder	crates/gvm-gmp/src/commands/system.rs	get_aggregates	transitional	Pending bounded family migration under #602.
builder	crates/gvm-gmp/src/commands/system.rs	get_feeds	transitional	Pending bounded family migration under #602.
builder	crates/gvm-gmp/src/commands/system.rs	get_info	transitional	Pending bounded family migration under #602.
builder	crates/gvm-gmp/src/commands/system.rs	get_license	transitional	Pending bounded family migration under #602.
builder	crates/gvm-gmp/src/commands/system.rs	get_preferences	transitional	Pending bounded family migration under #602.
builder	crates/gvm-gmp/src/commands/system.rs	get_resource_name	transitional	Pending bounded family migration under #602.
builder	crates/gvm-gmp/src/commands/system.rs	get_resource_names	transitional	Pending bounded family migration under #602.
builder	crates/gvm-gmp/src/commands/system.rs	get_settings	transitional	Pending bounded family migration under #602.
builder	crates/gvm-gmp/src/commands/system.rs	get_timezones	transitional	Pending bounded family migration under #602.
builder	crates/gvm-gmp/src/commands/system.rs	get_vuln	transitional	Pending bounded family migration under #602.
builder	crates/gvm-gmp/src/commands/system.rs	get_vulnerability	transitional	Pending bounded family migration under #602.
builder	crates/gvm-gmp/src/commands/system.rs	get_vulns	transitional	Pending bounded family migration under #602.
builder	crates/gvm-gmp/src/commands/system.rs	help	transitional	Pending bounded family migration under #602.
builder	crates/gvm-gmp/src/commands/system.rs	modify_auth	transitional	Pending bounded family migration under #602.
builder	crates/gvm-gmp/src/commands/system.rs	modify_license	transitional	Pending bounded family migration under #602.
builder	crates/gvm-gmp/src/commands/system.rs	modify_license_with_opts	transitional	Pending bounded family migration under #602.
builder	crates/gvm-gmp/src/commands/system.rs	modify_setting	transitional	Pending bounded family migration under #602.
builder	crates/gvm-gmp/src/commands/system.rs	run_wizard	transitional	Pending bounded family migration under #602.
builder	crates/gvm-gmp/src/commands/system.rs	run_wizard_with_opts	transitional	Pending bounded family migration under #602.
builder	crates/gvm-gmp/src/commands/system_reports.rs	get_system_reports	transitional	Pending bounded family migration under #602.
builder	crates/gvm-gmp/src/commands/tags.rs	clone_tag	transitional	Pending bounded family migration under #602.
builder	crates/gvm-gmp/src/commands/tags.rs	create_tag	transitional	Pending bounded family migration under #602.
builder	crates/gvm-gmp/src/commands/tags.rs	delete_tag	transitional	Pending bounded family migration under #602.
builder	crates/gvm-gmp/src/commands/tags.rs	get_tag	transitional	Pending bounded family migration under #602.
builder	crates/gvm-gmp/src/commands/tags.rs	get_tags	transitional	Pending bounded family migration under #602.
builder	crates/gvm-gmp/src/commands/tags.rs	modify_tag	transitional	Pending bounded family migration under #602.
builder	crates/gvm-gmp/src/commands/targets.rs	clone_target	removed	Removed by #607; CloneTargetRequest owns canonical encoding.
builder	crates/gvm-gmp/src/commands/targets.rs	create_target	removed	Removed by #607; CreateTargetRequest owns canonical encoding.
builder	crates/gvm-gmp/src/commands/targets.rs	delete_target	removed	Removed by #607; DeleteTargetRequest owns canonical encoding.
builder	crates/gvm-gmp/src/commands/targets.rs	get_target	removed	Removed by #607; GetTargetRequest owns canonical encoding.
builder	crates/gvm-gmp/src/commands/targets.rs	get_targets	removed	Removed by #607; GetTargetsRequest owns canonical encoding.
builder	crates/gvm-gmp/src/commands/targets.rs	modify_target	removed	Removed by #607; ModifyTargetRequest owns canonical encoding.
builder	crates/gvm-gmp/src/commands/tasks.rs	clone_audit	transitional	Pending bounded family migration under #602.
builder	crates/gvm-gmp/src/commands/tasks.rs	clone_task	transitional	Pending bounded family migration under #602.
builder	crates/gvm-gmp/src/commands/tasks.rs	create_agent_group_task	transitional	Pending bounded family migration under #602.
builder	crates/gvm-gmp/src/commands/tasks.rs	create_audit	transitional	Pending bounded family migration under #602.
builder	crates/gvm-gmp/src/commands/tasks.rs	create_container_image_task	transitional	Pending bounded family migration under #602.
builder	crates/gvm-gmp/src/commands/tasks.rs	create_container_task	transitional	Pending bounded family migration under #602.
builder	crates/gvm-gmp/src/commands/tasks.rs	create_import_task	transitional	Pending bounded family migration under #602.
builder	crates/gvm-gmp/src/commands/tasks.rs	create_oci_image_target_task	transitional	Pending bounded family migration under #602.
builder	crates/gvm-gmp/src/commands/tasks.rs	create_task	transitional	Pending bounded family migration under #602.
builder	crates/gvm-gmp/src/commands/tasks.rs	create_web_application_task	transitional	Pending bounded family migration under #602.
builder	crates/gvm-gmp/src/commands/tasks.rs	delete_audit	transitional	Pending bounded family migration under #602.
builder	crates/gvm-gmp/src/commands/tasks.rs	delete_task	transitional	Pending bounded family migration under #602.
builder	crates/gvm-gmp/src/commands/tasks.rs	get_audit	transitional	Pending bounded family migration under #602.
builder	crates/gvm-gmp/src/commands/tasks.rs	get_audits	transitional	Pending bounded family migration under #602.
builder	crates/gvm-gmp/src/commands/tasks.rs	get_task	transitional	Pending bounded family migration under #602.
builder	crates/gvm-gmp/src/commands/tasks.rs	get_tasks	transitional	Pending bounded family migration under #602.
builder	crates/gvm-gmp/src/commands/tasks.rs	modify_audit	transitional	Pending bounded family migration under #602.
builder	crates/gvm-gmp/src/commands/tasks.rs	modify_task	transitional	Pending bounded family migration under #602.
builder	crates/gvm-gmp/src/commands/tasks.rs	move_task	transitional	Pending bounded family migration under #602.
builder	crates/gvm-gmp/src/commands/tasks.rs	resume_audit	transitional	Pending bounded family migration under #602.
builder	crates/gvm-gmp/src/commands/tasks.rs	resume_task	transitional	Pending bounded family migration under #602.
builder	crates/gvm-gmp/src/commands/tasks.rs	start_audit	transitional	Pending bounded family migration under #602.
builder	crates/gvm-gmp/src/commands/tasks.rs	start_task	transitional	Pending bounded family migration under #602.
builder	crates/gvm-gmp/src/commands/tasks.rs	stop_audit	transitional	Pending bounded family migration under #602.
builder	crates/gvm-gmp/src/commands/tasks.rs	stop_task	transitional	Pending bounded family migration under #602.
builder	crates/gvm-gmp/src/commands/tickets.rs	clone_ticket	frozen-ticket	Ticket surface is frozen by product scope.
builder	crates/gvm-gmp/src/commands/tickets.rs	create_ticket	frozen-ticket	Ticket surface is frozen by product scope.
builder	crates/gvm-gmp/src/commands/tickets.rs	delete_ticket	frozen-ticket	Ticket surface is frozen by product scope.
builder	crates/gvm-gmp/src/commands/tickets.rs	get_ticket	frozen-ticket	Ticket surface is frozen by product scope.
builder	crates/gvm-gmp/src/commands/tickets.rs	get_tickets	frozen-ticket	Ticket surface is frozen by product scope.
builder	crates/gvm-gmp/src/commands/tickets.rs	modify_ticket	frozen-ticket	Ticket surface is frozen by product scope.
builder	crates/gvm-gmp/src/commands/tls_certificates.rs	clone_tls_certificate	transitional	Pending bounded family migration under #602.
builder	crates/gvm-gmp/src/commands/tls_certificates.rs	create_tls_certificate	transitional	Pending bounded family migration under #602.
builder	crates/gvm-gmp/src/commands/tls_certificates.rs	delete_tls_certificate	transitional	Pending bounded family migration under #602.
builder	crates/gvm-gmp/src/commands/tls_certificates.rs	get_tls_certificate	transitional	Pending bounded family migration under #602.
builder	crates/gvm-gmp/src/commands/tls_certificates.rs	get_tls_certificates	transitional	Pending bounded family migration under #602.
builder	crates/gvm-gmp/src/commands/tls_certificates.rs	modify_tls_certificate	transitional	Pending bounded family migration under #602.
builder	crates/gvm-gmp/src/commands/trashcan.rs	empty_trashcan	transitional	Pending bounded family migration under #602.
builder	crates/gvm-gmp/src/commands/trashcan.rs	restore	transitional	Pending bounded family migration under #602.
builder	crates/gvm-gmp/src/commands/trashcan.rs	restore_from_trashcan	transitional	Pending bounded family migration under #602.
builder	crates/gvm-gmp/src/commands/user_settings.rs	get_user_setting	transitional	Pending bounded family migration under #602.
builder	crates/gvm-gmp/src/commands/user_settings.rs	get_user_settings	transitional	Pending bounded family migration under #602.
builder	crates/gvm-gmp/src/commands/user_settings.rs	modify_user_setting	transitional	Pending bounded family migration under #602.
builder	crates/gvm-gmp/src/commands/users.rs	clone_user	transitional	Pending bounded family migration under #602.
builder	crates/gvm-gmp/src/commands/users.rs	create_user	transitional	Pending bounded family migration under #602.
builder	crates/gvm-gmp/src/commands/users.rs	delete_user	transitional	Pending bounded family migration under #602.
builder	crates/gvm-gmp/src/commands/users.rs	get_user	transitional	Pending bounded family migration under #602.
builder	crates/gvm-gmp/src/commands/users.rs	get_users	transitional	Pending bounded family migration under #602.
builder	crates/gvm-gmp/src/commands/users.rs	modify_user	transitional	Pending bounded family migration under #602.
builder	crates/gvm-gmp/src/commands/version.rs	get_version	transitional	Pending bounded family migration under #602.
builder	crates/gvm-gmp/src/commands/web_application_targets.rs	clone_web_application_target	removed	Removed by #609; CloneWebApplicationTargetRequest owns canonical encoding.
builder	crates/gvm-gmp/src/commands/web_application_targets.rs	create_web_application_target	removed	Removed by #609; CreateWebApplicationTargetRequest owns canonical encoding.
builder	crates/gvm-gmp/src/commands/web_application_targets.rs	delete_web_application_target	removed	Removed by #609; DeleteWebApplicationTargetRequest owns canonical encoding.
builder	crates/gvm-gmp/src/commands/web_application_targets.rs	get_web_application_target	removed	Removed by #609; GetWebApplicationTargetRequest owns canonical encoding.
builder	crates/gvm-gmp/src/commands/web_application_targets.rs	get_web_application_targets	removed	Removed by #609; GetWebApplicationTargetsRequest owns canonical encoding.
builder	crates/gvm-gmp/src/commands/web_application_targets.rs	modify_web_application_target	removed	Removed by #609; ModifyWebApplicationTargetRequest owns canonical encoding.
facade	crates/gvm-client/src/typed/agents.rs	get_integration_config_parsed	transitional	Pending bounded family migration under #602.
facade	crates/gvm-client/src/typed/agents.rs	get_integration_configs_parsed	transitional	Pending bounded family migration under #602.
facade	crates/gvm-client/src/typed/agents.rs	modify_integration_config_parsed	transitional	Pending bounded family migration under #602.
facade	crates/gvm-client/src/typed/automation.rs	clone_alert	transitional	Pending bounded family migration under #602.
facade	crates/gvm-client/src/typed/automation.rs	clone_filter	transitional	Pending bounded family migration under #602.
facade	crates/gvm-client/src/typed/automation.rs	clone_note	transitional	Pending bounded family migration under #602.
facade	crates/gvm-client/src/typed/automation.rs	clone_override	transitional	Pending bounded family migration under #602.
facade	crates/gvm-client/src/typed/automation.rs	clone_tag	transitional	Pending bounded family migration under #602.
facade	crates/gvm-client/src/typed/automation.rs	create_alert	transitional	Pending bounded family migration under #602.
facade	crates/gvm-client/src/typed/automation.rs	create_filter	transitional	Pending bounded family migration under #602.
facade	crates/gvm-client/src/typed/automation.rs	create_note	transitional	Pending bounded family migration under #602.
facade	crates/gvm-client/src/typed/automation.rs	create_override	transitional	Pending bounded family migration under #602.
facade	crates/gvm-client/src/typed/automation.rs	create_tag	transitional	Pending bounded family migration under #602.
facade	crates/gvm-client/src/typed/automation.rs	delete_alert	transitional	Pending bounded family migration under #602.
facade	crates/gvm-client/src/typed/automation.rs	delete_filter	transitional	Pending bounded family migration under #602.
facade	crates/gvm-client/src/typed/automation.rs	delete_note	transitional	Pending bounded family migration under #602.
facade	crates/gvm-client/src/typed/automation.rs	delete_override	transitional	Pending bounded family migration under #602.
facade	crates/gvm-client/src/typed/automation.rs	delete_tag	transitional	Pending bounded family migration under #602.
facade	crates/gvm-client/src/typed/automation.rs	get_alert	transitional	Pending bounded family migration under #602.
facade	crates/gvm-client/src/typed/automation.rs	get_alerts	transitional	Pending bounded family migration under #602.
facade	crates/gvm-client/src/typed/automation.rs	get_filter	transitional	Pending bounded family migration under #602.
facade	crates/gvm-client/src/typed/automation.rs	get_filters	transitional	Pending bounded family migration under #602.
facade	crates/gvm-client/src/typed/automation.rs	get_note	transitional	Pending bounded family migration under #602.
facade	crates/gvm-client/src/typed/automation.rs	get_notes	transitional	Pending bounded family migration under #602.
facade	crates/gvm-client/src/typed/automation.rs	get_override	transitional	Pending bounded family migration under #602.
facade	crates/gvm-client/src/typed/automation.rs	get_overrides	transitional	Pending bounded family migration under #602.
facade	crates/gvm-client/src/typed/automation.rs	get_tag	transitional	Pending bounded family migration under #602.
facade	crates/gvm-client/src/typed/automation.rs	get_tags	transitional	Pending bounded family migration under #602.
facade	crates/gvm-client/src/typed/automation.rs	modify_alert	transitional	Pending bounded family migration under #602.
facade	crates/gvm-client/src/typed/automation.rs	modify_filter	transitional	Pending bounded family migration under #602.
facade	crates/gvm-client/src/typed/automation.rs	modify_note	transitional	Pending bounded family migration under #602.
facade	crates/gvm-client/src/typed/automation.rs	modify_override	transitional	Pending bounded family migration under #602.
facade	crates/gvm-client/src/typed/automation.rs	modify_tag	transitional	Pending bounded family migration under #602.
facade	crates/gvm-client/src/typed/automation.rs	test_alert	transitional	Pending bounded family migration under #602.
facade	crates/gvm-client/src/typed/automation.rs	trigger_alert	transitional	Pending bounded family migration under #602.
facade	crates/gvm-client/src/typed/core.rs	authenticate	transitional	Pending bounded family migration under #602.
facade	crates/gvm-client/src/typed/core.rs	get_version	transitional	Pending bounded family migration under #602.
facade	crates/gvm-client/src/typed/identity.rs	clone_group	transitional	Pending bounded family migration under #602.
facade	crates/gvm-client/src/typed/identity.rs	clone_permission	transitional	Pending bounded family migration under #602.
facade	crates/gvm-client/src/typed/identity.rs	clone_role	transitional	Pending bounded family migration under #602.
facade	crates/gvm-client/src/typed/identity.rs	clone_user	transitional	Pending bounded family migration under #602.
facade	crates/gvm-client/src/typed/identity.rs	create_group	transitional	Pending bounded family migration under #602.
facade	crates/gvm-client/src/typed/identity.rs	create_permission	transitional	Pending bounded family migration under #602.
facade	crates/gvm-client/src/typed/identity.rs	create_role	transitional	Pending bounded family migration under #602.
facade	crates/gvm-client/src/typed/identity.rs	create_user	transitional	Pending bounded family migration under #602.
facade	crates/gvm-client/src/typed/identity.rs	delete_group	transitional	Pending bounded family migration under #602.
facade	crates/gvm-client/src/typed/identity.rs	delete_permission	transitional	Pending bounded family migration under #602.
facade	crates/gvm-client/src/typed/identity.rs	delete_role	transitional	Pending bounded family migration under #602.
facade	crates/gvm-client/src/typed/identity.rs	delete_user	transitional	Pending bounded family migration under #602.
facade	crates/gvm-client/src/typed/identity.rs	get_group	transitional	Pending bounded family migration under #602.
facade	crates/gvm-client/src/typed/identity.rs	get_groups	transitional	Pending bounded family migration under #602.
facade	crates/gvm-client/src/typed/identity.rs	get_permission	transitional	Pending bounded family migration under #602.
facade	crates/gvm-client/src/typed/identity.rs	get_permissions	transitional	Pending bounded family migration under #602.
facade	crates/gvm-client/src/typed/identity.rs	get_role	transitional	Pending bounded family migration under #602.
facade	crates/gvm-client/src/typed/identity.rs	get_roles	transitional	Pending bounded family migration under #602.
facade	crates/gvm-client/src/typed/identity.rs	get_user	transitional	Pending bounded family migration under #602.
facade	crates/gvm-client/src/typed/identity.rs	get_users	transitional	Pending bounded family migration under #602.
facade	crates/gvm-client/src/typed/identity.rs	modify_group	transitional	Pending bounded family migration under #602.
facade	crates/gvm-client/src/typed/identity.rs	modify_permission	transitional	Pending bounded family migration under #602.
facade	crates/gvm-client/src/typed/identity.rs	modify_role	transitional	Pending bounded family migration under #602.
facade	crates/gvm-client/src/typed/identity.rs	modify_user	transitional	Pending bounded family migration under #602.
facade	crates/gvm-client/src/typed/reports.rs	clone_report_config	transitional	Pending bounded family migration under #602.
facade	crates/gvm-client/src/typed/reports.rs	clone_report_format	transitional	Pending bounded family migration under #602.
facade	crates/gvm-client/src/typed/reports.rs	clone_tls_certificate	transitional	Pending bounded family migration under #602.
facade	crates/gvm-client/src/typed/reports.rs	create_report_config	transitional	Pending bounded family migration under #602.
facade	crates/gvm-client/src/typed/reports.rs	create_report_config_with_opts	transitional	Pending bounded family migration under #602.
facade	crates/gvm-client/src/typed/reports.rs	create_report_format	transitional	Pending bounded family migration under #602.
facade	crates/gvm-client/src/typed/reports.rs	create_tls_certificate	transitional	Pending bounded family migration under #602.
facade	crates/gvm-client/src/typed/reports.rs	delete_report_config	transitional	Pending bounded family migration under #602.
facade	crates/gvm-client/src/typed/reports.rs	delete_report_config_with_opts	transitional	Pending bounded family migration under #602.
facade	crates/gvm-client/src/typed/reports.rs	delete_report_format	transitional	Pending bounded family migration under #602.
facade	crates/gvm-client/src/typed/reports.rs	delete_tls_certificate	transitional	Pending bounded family migration under #602.
facade	crates/gvm-client/src/typed/reports.rs	export_scan_report	transitional	Pending bounded family migration under #602.
facade	crates/gvm-client/src/typed/reports.rs	get_audit_report	transitional	Pending bounded family migration under #602.
facade	crates/gvm-client/src/typed/reports.rs	get_audit_report_hosts	transitional	Pending bounded family migration under #602.
facade	crates/gvm-client/src/typed/reports.rs	get_report_applications_parsed	transitional	Pending bounded family migration under #602.
facade	crates/gvm-client/src/typed/reports.rs	get_report_closed_cves	transitional	Pending bounded family migration under #602.
facade	crates/gvm-client/src/typed/reports.rs	get_report_config	transitional	Pending bounded family migration under #602.
facade	crates/gvm-client/src/typed/reports.rs	get_report_configs_parsed	transitional	Pending bounded family migration under #602.
facade	crates/gvm-client/src/typed/reports.rs	get_report_cves_parsed	transitional	Pending bounded family migration under #602.
facade	crates/gvm-client/src/typed/reports.rs	get_report_errors	transitional	Pending bounded family migration under #602.
facade	crates/gvm-client/src/typed/reports.rs	get_report_export	transitional	Pending bounded family migration under #602.
facade	crates/gvm-client/src/typed/reports.rs	get_report_export_with_opts	transitional	Pending bounded family migration under #602.
facade	crates/gvm-client/src/typed/reports.rs	get_report_format	transitional	Pending bounded family migration under #602.
facade	crates/gvm-client/src/typed/reports.rs	get_report_formats	transitional	Pending bounded family migration under #602.
facade	crates/gvm-client/src/typed/reports.rs	get_report_hosts_parsed	transitional	Pending bounded family migration under #602.
facade	crates/gvm-client/src/typed/reports.rs	get_report_operating_systems_parsed	transitional	Pending bounded family migration under #602.
facade	crates/gvm-client/src/typed/reports.rs	get_report_ports_parsed	transitional	Pending bounded family migration under #602.
facade	crates/gvm-client/src/typed/reports.rs	get_report_tls_certificates	transitional	Pending bounded family migration under #602.
facade	crates/gvm-client/src/typed/reports.rs	get_report_vulnerabilities	transitional	Pending bounded family migration under #602.
facade	crates/gvm-client/src/typed/reports.rs	get_report_vulns	transitional	Pending bounded family migration under #602.
facade	crates/gvm-client/src/typed/reports.rs	get_reports	transitional	Pending bounded family migration under #602.
facade	crates/gvm-client/src/typed/reports.rs	get_result	transitional	Pending bounded family migration under #602.
facade	crates/gvm-client/src/typed/reports.rs	get_results	transitional	Pending bounded family migration under #602.
facade	crates/gvm-client/src/typed/reports.rs	get_tls_certificate	transitional	Pending bounded family migration under #602.
facade	crates/gvm-client/src/typed/reports.rs	get_tls_certificates	transitional	Pending bounded family migration under #602.
facade	crates/gvm-client/src/typed/reports.rs	import_report	transitional	Pending bounded family migration under #602.
facade	crates/gvm-client/src/typed/reports.rs	import_report_format	transitional	Pending bounded family migration under #602.
facade	crates/gvm-client/src/typed/reports.rs	modify_report_config	transitional	Pending bounded family migration under #602.
facade	crates/gvm-client/src/typed/reports.rs	modify_report_format	transitional	Pending bounded family migration under #602.
facade	crates/gvm-client/src/typed/reports.rs	modify_tls_certificate	transitional	Pending bounded family migration under #602.
facade	crates/gvm-client/src/typed/reports.rs	verify_report_format	transitional	Pending bounded family migration under #602.
facade	crates/gvm-client/src/typed/resources.rs	clone_config	transitional	Pending bounded family migration under #602.
facade	crates/gvm-client/src/typed/resources.rs	clone_port_list	transitional	Pending bounded family migration under #602.
facade	crates/gvm-client/src/typed/resources.rs	create_asset	transitional	Pending bounded family migration under #602.
facade	crates/gvm-client/src/typed/resources.rs	create_config	transitional	Pending bounded family migration under #602.
facade	crates/gvm-client/src/typed/resources.rs	create_host	transitional	Pending bounded family migration under #602.
facade	crates/gvm-client/src/typed/resources.rs	create_port_list	transitional	Pending bounded family migration under #602.
facade	crates/gvm-client/src/typed/resources.rs	create_port_range	transitional	Pending bounded family migration under #602.
facade	crates/gvm-client/src/typed/resources.rs	delete_asset	transitional	Pending bounded family migration under #602.
facade	crates/gvm-client/src/typed/resources.rs	delete_config	transitional	Pending bounded family migration under #602.
facade	crates/gvm-client/src/typed/resources.rs	delete_host	transitional	Pending bounded family migration under #602.
facade	crates/gvm-client/src/typed/resources.rs	delete_operating_system_asset	transitional	Pending bounded family migration under #602.
facade	crates/gvm-client/src/typed/resources.rs	delete_port_list	transitional	Pending bounded family migration under #602.
facade	crates/gvm-client/src/typed/resources.rs	delete_port_range	transitional	Pending bounded family migration under #602.
facade	crates/gvm-client/src/typed/resources.rs	get_asset	transitional	Pending bounded family migration under #602.
facade	crates/gvm-client/src/typed/resources.rs	get_assets	transitional	Pending bounded family migration under #602.
facade	crates/gvm-client/src/typed/resources.rs	get_config	transitional	Pending bounded family migration under #602.
facade	crates/gvm-client/src/typed/resources.rs	get_configs	transitional	Pending bounded family migration under #602.
facade	crates/gvm-client/src/typed/resources.rs	get_host	transitional	Pending bounded family migration under #602.
facade	crates/gvm-client/src/typed/resources.rs	get_hosts	transitional	Pending bounded family migration under #602.
facade	crates/gvm-client/src/typed/resources.rs	get_operating_system_asset	transitional	Pending bounded family migration under #602.
facade	crates/gvm-client/src/typed/resources.rs	get_operating_system_assets	transitional	Pending bounded family migration under #602.
facade	crates/gvm-client/src/typed/resources.rs	get_port_list	transitional	Pending bounded family migration under #602.
facade	crates/gvm-client/src/typed/resources.rs	get_port_lists	transitional	Pending bounded family migration under #602.
facade	crates/gvm-client/src/typed/resources.rs	modify_asset	transitional	Pending bounded family migration under #602.
facade	crates/gvm-client/src/typed/resources.rs	modify_config	transitional	Pending bounded family migration under #602.
facade	crates/gvm-client/src/typed/resources.rs	modify_host	transitional	Pending bounded family migration under #602.
facade	crates/gvm-client/src/typed/resources.rs	modify_operating_system_asset	transitional	Pending bounded family migration under #602.
facade	crates/gvm-client/src/typed/resources.rs	modify_port_list	transitional	Pending bounded family migration under #602.
facade	crates/gvm-client/src/typed/scan.rs	clone_audit	transitional	Pending bounded family migration under #602.
facade	crates/gvm-client/src/typed/scan.rs	clone_scan_config	transitional	Pending bounded family migration under #602.
facade	crates/gvm-client/src/typed/scan.rs	clone_scanner	transitional	Pending bounded family migration under #602.
facade	crates/gvm-client/src/typed/scan.rs	clone_schedule	transitional	Pending bounded family migration under #602.
facade	crates/gvm-client/src/typed/scan.rs	clone_task	transitional	Pending bounded family migration under #602.
facade	crates/gvm-client/src/typed/scan.rs	create_agent_group_task	transitional	Pending bounded family migration under #602.
facade	crates/gvm-client/src/typed/scan.rs	create_audit	transitional	Pending bounded family migration under #602.
facade	crates/gvm-client/src/typed/scan.rs	create_container_image_task	transitional	Pending bounded family migration under #602.
facade	crates/gvm-client/src/typed/scan.rs	create_container_task	transitional	Pending bounded family migration under #602.
facade	crates/gvm-client/src/typed/scan.rs	create_import_task	transitional	Pending bounded family migration under #602.
facade	crates/gvm-client/src/typed/scan.rs	create_oci_image_target_task	transitional	Pending bounded family migration under #602.
facade	crates/gvm-client/src/typed/scan.rs	create_scan_config	transitional	Pending bounded family migration under #602.
facade	crates/gvm-client/src/typed/scan.rs	create_scanner	transitional	Pending bounded family migration under #602.
facade	crates/gvm-client/src/typed/scan.rs	create_schedule	transitional	Pending bounded family migration under #602.
facade	crates/gvm-client/src/typed/scan.rs	create_task	transitional	Pending bounded family migration under #602.
facade	crates/gvm-client/src/typed/scan.rs	create_typed_schedule	transitional	Pending bounded family migration under #602.
facade	crates/gvm-client/src/typed/scan.rs	create_web_application_task	transitional	Pending bounded family migration under #602.
facade	crates/gvm-client/src/typed/scan.rs	delete_audit	transitional	Pending bounded family migration under #602.
facade	crates/gvm-client/src/typed/scan.rs	delete_scan_config	transitional	Pending bounded family migration under #602.
facade	crates/gvm-client/src/typed/scan.rs	delete_scanner	transitional	Pending bounded family migration under #602.
facade	crates/gvm-client/src/typed/scan.rs	delete_schedule	transitional	Pending bounded family migration under #602.
facade	crates/gvm-client/src/typed/scan.rs	delete_task	transitional	Pending bounded family migration under #602.
facade	crates/gvm-client/src/typed/scan.rs	empty_trashcan	transitional	Pending bounded family migration under #602.
facade	crates/gvm-client/src/typed/scan.rs	get_audit	transitional	Pending bounded family migration under #602.
facade	crates/gvm-client/src/typed/scan.rs	get_audits	transitional	Pending bounded family migration under #602.
facade	crates/gvm-client/src/typed/scan.rs	get_policies	transitional	Pending bounded family migration under #602.
facade	crates/gvm-client/src/typed/scan.rs	get_policy	transitional	Pending bounded family migration under #602.
facade	crates/gvm-client/src/typed/scan.rs	get_scan_config	transitional	Pending bounded family migration under #602.
facade	crates/gvm-client/src/typed/scan.rs	get_scan_config_preference	transitional	Pending bounded family migration under #602.
facade	crates/gvm-client/src/typed/scan.rs	get_scan_config_preferences	transitional	Pending bounded family migration under #602.
facade	crates/gvm-client/src/typed/scan.rs	get_scan_configs	transitional	Pending bounded family migration under #602.
facade	crates/gvm-client/src/typed/scan.rs	get_scanner	transitional	Pending bounded family migration under #602.
facade	crates/gvm-client/src/typed/scan.rs	get_scanners	transitional	Pending bounded family migration under #602.
facade	crates/gvm-client/src/typed/scan.rs	get_schedule	transitional	Pending bounded family migration under #602.
facade	crates/gvm-client/src/typed/scan.rs	get_schedules	transitional	Pending bounded family migration under #602.
facade	crates/gvm-client/src/typed/scan.rs	get_task	transitional	Pending bounded family migration under #602.
facade	crates/gvm-client/src/typed/scan.rs	get_tasks	transitional	Pending bounded family migration under #602.
facade	crates/gvm-client/src/typed/scan.rs	import_policy	transitional	Pending bounded family migration under #602.
facade	crates/gvm-client/src/typed/scan.rs	import_scan_config	transitional	Pending bounded family migration under #602.
facade	crates/gvm-client/src/typed/scan.rs	modify_audit	transitional	Pending bounded family migration under #602.
facade	crates/gvm-client/src/typed/scan.rs	modify_policy_set_comment	transitional	Pending bounded family migration under #602.
facade	crates/gvm-client/src/typed/scan.rs	modify_policy_set_name	transitional	Pending bounded family migration under #602.
facade	crates/gvm-client/src/typed/scan.rs	modify_scan_config	transitional	Pending bounded family migration under #602.
facade	crates/gvm-client/src/typed/scan.rs	modify_scan_config_set_comment	transitional	Pending bounded family migration under #602.
facade	crates/gvm-client/src/typed/scan.rs	modify_scan_config_set_name	transitional	Pending bounded family migration under #602.
facade	crates/gvm-client/src/typed/scan.rs	modify_scanner	transitional	Pending bounded family migration under #602.
facade	crates/gvm-client/src/typed/scan.rs	modify_schedule	transitional	Pending bounded family migration under #602.
facade	crates/gvm-client/src/typed/scan.rs	modify_task	transitional	Pending bounded family migration under #602.
facade	crates/gvm-client/src/typed/scan.rs	modify_typed_schedule	transitional	Pending bounded family migration under #602.
facade	crates/gvm-client/src/typed/scan.rs	move_task	transitional	Pending bounded family migration under #602.
facade	crates/gvm-client/src/typed/scan.rs	restore	transitional	Pending bounded family migration under #602.
facade	crates/gvm-client/src/typed/scan.rs	restore_from_trashcan	transitional	Pending bounded family migration under #602.
facade	crates/gvm-client/src/typed/scan.rs	resume_audit	transitional	Pending bounded family migration under #602.
facade	crates/gvm-client/src/typed/scan.rs	resume_task	transitional	Pending bounded family migration under #602.
facade	crates/gvm-client/src/typed/scan.rs	start_audit	transitional	Pending bounded family migration under #602.
facade	crates/gvm-client/src/typed/scan.rs	start_task	transitional	Pending bounded family migration under #602.
facade	crates/gvm-client/src/typed/scan.rs	stop_audit	transitional	Pending bounded family migration under #602.
facade	crates/gvm-client/src/typed/scan.rs	stop_task	transitional	Pending bounded family migration under #602.
facade	crates/gvm-client/src/typed/scan.rs	sync_config	transitional	Pending bounded family migration under #602.
facade	crates/gvm-client/src/typed/scan.rs	sync_scan_config	transitional	Pending bounded family migration under #602.
facade	crates/gvm-client/src/typed/scan.rs	verify_scanner	transitional	Pending bounded family migration under #602.
facade	crates/gvm-client/src/typed/security.rs	create_credential	transitional	Pending bounded family migration under #602.
facade	crates/gvm-client/src/typed/security.rs	create_credential_store_credential	transitional	Pending bounded family migration under #602.
facade	crates/gvm-client/src/typed/security.rs	delete_credential	transitional	Pending bounded family migration under #602.
facade	crates/gvm-client/src/typed/security.rs	get_cert_bund_advisories	transitional	Pending bounded family migration under #602.
facade	crates/gvm-client/src/typed/security.rs	get_cert_bund_advisory	transitional	Pending bounded family migration under #602.
facade	crates/gvm-client/src/typed/security.rs	get_cpe	transitional	Pending bounded family migration under #602.
facade	crates/gvm-client/src/typed/security.rs	get_cpes	transitional	Pending bounded family migration under #602.
facade	crates/gvm-client/src/typed/security.rs	get_credential_store	transitional	Pending bounded family migration under #602.
facade	crates/gvm-client/src/typed/security.rs	get_credential_stores	transitional	Pending bounded family migration under #602.
facade	crates/gvm-client/src/typed/security.rs	get_credential_stores_with_opts	transitional	Pending bounded family migration under #602.
facade	crates/gvm-client/src/typed/security.rs	get_credentials	transitional	Pending bounded family migration under #602.
facade	crates/gvm-client/src/typed/security.rs	get_cve	transitional	Pending bounded family migration under #602.
facade	crates/gvm-client/src/typed/security.rs	get_cves	transitional	Pending bounded family migration under #602.
facade	crates/gvm-client/src/typed/security.rs	get_dfn_cert_advisories	transitional	Pending bounded family migration under #602.
facade	crates/gvm-client/src/typed/security.rs	get_dfn_cert_advisory	transitional	Pending bounded family migration under #602.
facade	crates/gvm-client/src/typed/security.rs	get_feed	transitional	Pending bounded family migration under #602.
facade	crates/gvm-client/src/typed/security.rs	get_feeds	transitional	Pending bounded family migration under #602.
facade	crates/gvm-client/src/typed/security.rs	get_info	transitional	Pending bounded family migration under #602.
facade	crates/gvm-client/src/typed/security.rs	get_info_list	transitional	Pending bounded family migration under #602.
facade	crates/gvm-client/src/typed/security.rs	get_nvt	transitional	Pending bounded family migration under #602.
facade	crates/gvm-client/src/typed/security.rs	get_nvt_families	transitional	Pending bounded family migration under #602.
facade	crates/gvm-client/src/typed/security.rs	get_nvt_preference	transitional	Pending bounded family migration under #602.
facade	crates/gvm-client/src/typed/security.rs	get_nvt_preferences	transitional	Pending bounded family migration under #602.
facade	crates/gvm-client/src/typed/security.rs	get_nvts	transitional	Pending bounded family migration under #602.
facade	crates/gvm-client/src/typed/security.rs	get_scan_config_nvt	transitional	Pending bounded family migration under #602.
facade	crates/gvm-client/src/typed/security.rs	get_scan_config_nvts	transitional	Pending bounded family migration under #602.
facade	crates/gvm-client/src/typed/security.rs	get_secinfo_operating_systems	transitional	Pending bounded family migration under #602.
facade	crates/gvm-client/src/typed/security.rs	get_secinfo_vulnerabilities	transitional	Pending bounded family migration under #602.
facade	crates/gvm-client/src/typed/security.rs	get_timezones	transitional	Pending bounded family migration under #602.
facade	crates/gvm-client/src/typed/security.rs	get_vulnerabilities	transitional	Pending bounded family migration under #602.
facade	crates/gvm-client/src/typed/security.rs	get_vulnerability	transitional	Pending bounded family migration under #602.
facade	crates/gvm-client/src/typed/security.rs	modify_credential	transitional	Pending bounded family migration under #602.
facade	crates/gvm-client/src/typed/security.rs	modify_credential_store_credential	transitional	Pending bounded family migration under #602.
facade	crates/gvm-client/src/typed/security.rs	verify_credential_store	transitional	Pending bounded family migration under #602.
facade	crates/gvm-client/src/typed/system.rs	describe_auth	transitional	Pending bounded family migration under #602.
facade	crates/gvm-client/src/typed/system.rs	get_aggregates	transitional	Pending bounded family migration under #602.
facade	crates/gvm-client/src/typed/system.rs	get_features_parsed	transitional	Pending bounded family migration under #602.
facade	crates/gvm-client/src/typed/system.rs	get_help	transitional	Pending bounded family migration under #602.
facade	crates/gvm-client/src/typed/system.rs	get_help_with_mode	transitional	Pending bounded family migration under #602.
facade	crates/gvm-client/src/typed/system.rs	get_settings	transitional	Pending bounded family migration under #602.
facade	crates/gvm-client/src/typed/system.rs	get_system_reports	transitional	Pending bounded family migration under #602.
facade	crates/gvm-client/src/typed/system.rs	modify_auth	transitional	Pending bounded family migration under #602.
facade	crates/gvm-client/src/typed/system.rs	modify_license	transitional	Pending bounded family migration under #602.
facade	crates/gvm-client/src/typed/system.rs	run_wizard	transitional	Pending bounded family migration under #602.
facade	crates/gvm-client/src/typed/targets.rs	clone_oci_image_target	retained-construction	Retained for discoverability; accepts the canonical CloneOciImageTargetRequest unchanged.
facade	crates/gvm-client/src/typed/targets.rs	clone_oci_image_target_parsed	removed	Removed by #609; clone_oci_image_target is the canonical typed convenience.
facade	crates/gvm-client/src/typed/targets.rs	clone_web_application_target	retained-construction	Retained for discoverability; accepts the canonical CloneWebApplicationTargetRequest unchanged.
facade	crates/gvm-client/src/typed/targets.rs	clone_web_application_target_parsed	removed	Removed by #609; clone_web_application_target is the canonical typed convenience.
facade	crates/gvm-client/src/typed/targets.rs	create_oci_image_target	retained-construction	Retained for discoverability; accepts the canonical CreateOciImageTargetRequest unchanged.
facade	crates/gvm-client/src/typed/targets.rs	create_oci_image_target_parsed	removed	Removed by #609; create_oci_image_target is the canonical typed convenience.
facade	crates/gvm-client/src/typed/targets.rs	create_target	retained-construction	Retained for discoverability; accepts the canonical CreateTargetRequest unchanged.
facade	crates/gvm-client/src/typed/targets.rs	create_web_application_target	retained-construction	Retained for discoverability; accepts the canonical CreateWebApplicationTargetRequest unchanged.
facade	crates/gvm-client/src/typed/targets.rs	create_web_application_target_parsed	removed	Removed by #609; create_web_application_target is the canonical typed convenience.
facade	crates/gvm-client/src/typed/targets.rs	delete_oci_image_target	retained-construction	Retained for discoverability; accepts the canonical DeleteOciImageTargetRequest unchanged.
facade	crates/gvm-client/src/typed/targets.rs	delete_oci_image_target_parsed	removed	Removed by #609; delete_oci_image_target is the canonical typed convenience.
facade	crates/gvm-client/src/typed/targets.rs	delete_target	retained-construction	Retained for discoverability; accepts the canonical DeleteTargetRequest unchanged.
facade	crates/gvm-client/src/typed/targets.rs	delete_web_application_target	retained-construction	Retained for discoverability; accepts the canonical DeleteWebApplicationTargetRequest unchanged.
facade	crates/gvm-client/src/typed/targets.rs	delete_web_application_target_parsed	removed	Removed by #609; delete_web_application_target is the canonical typed convenience.
facade	crates/gvm-client/src/typed/targets.rs	get_oci_image_target	retained-construction	Retained for discoverability; accepts the canonical GetOciImageTargetRequest unchanged.
facade	crates/gvm-client/src/typed/targets.rs	get_oci_image_target_parsed	removed	Removed by #609; get_oci_image_target is the canonical typed convenience.
facade	crates/gvm-client/src/typed/targets.rs	get_oci_image_targets	retained-construction	Retained for discoverability; accepts the canonical GetOciImageTargetsRequest unchanged.
facade	crates/gvm-client/src/typed/targets.rs	get_oci_image_targets_parsed	removed	Removed by #609; get_oci_image_targets is the canonical typed convenience.
facade	crates/gvm-client/src/typed/targets.rs	get_target	retained-construction	Retained for discoverability; accepts the canonical GetTargetRequest unchanged.
facade	crates/gvm-client/src/typed/targets.rs	get_targets	retained-construction	Retained for discoverability; accepts the canonical GetTargetsRequest unchanged.
facade	crates/gvm-client/src/typed/targets.rs	get_web_application_target	retained-construction	Retained for discoverability; accepts the canonical GetWebApplicationTargetRequest unchanged.
facade	crates/gvm-client/src/typed/targets.rs	get_web_application_target_parsed	removed	Removed by #609; get_web_application_target is the canonical typed convenience.
facade	crates/gvm-client/src/typed/targets.rs	get_web_application_targets	retained-construction	Retained for discoverability; accepts the canonical GetWebApplicationTargetsRequest unchanged.
facade	crates/gvm-client/src/typed/targets.rs	get_web_application_targets_parsed	removed	Removed by #609; get_web_application_targets is the canonical typed convenience.
facade	crates/gvm-client/src/typed/targets.rs	modify_oci_image_target	retained-construction	Retained for discoverability; accepts the canonical ModifyOciImageTargetRequest unchanged.
facade	crates/gvm-client/src/typed/targets.rs	modify_oci_image_target_parsed	removed	Removed by #609; modify_oci_image_target is the canonical typed convenience.
facade	crates/gvm-client/src/typed/targets.rs	modify_target	retained-construction	Retained for discoverability; accepts the canonical ModifyTargetRequest unchanged.
facade	crates/gvm-client/src/typed/targets.rs	modify_web_application_target	retained-construction	Retained for discoverability; accepts the canonical ModifyWebApplicationTargetRequest unchanged.
facade	crates/gvm-client/src/typed/targets.rs	modify_web_application_target_parsed	removed	Removed by #609; modify_web_application_target is the canonical typed convenience.
facade	crates/gvm-client/src/typed/tickets.rs	create_ticket	frozen-ticket	Ticket surface is frozen by product scope.
facade	crates/gvm-client/src/typed/tickets.rs	get_tickets	frozen-ticket	Ticket surface is frozen by product scope.
facade	crates/gvm-client/src/typed/tickets.rs	modify_ticket	frozen-ticket	Ticket surface is frozen by product scope.
options	crates/gvm-gmp/src/commands/agent_groups.rs	CreateAgentGroupOpts	transitional	Pending bounded family migration under #602.
options	crates/gvm-gmp/src/commands/agent_groups.rs	GetAgentGroupsOpts	transitional	Pending bounded family migration under #602.
options	crates/gvm-gmp/src/commands/agent_groups.rs	ModifyAgentGroupOpts	transitional	Pending bounded family migration under #602.
options	crates/gvm-gmp/src/commands/agents.rs	AgentConfigOpts	transitional	Pending bounded family migration under #602.
options	crates/gvm-gmp/src/commands/agents.rs	GetAgentsOpts	transitional	Pending bounded family migration under #602.
options	crates/gvm-gmp/src/commands/agents.rs	ModifyAgentControlScanConfigOpts	transitional	Pending bounded family migration under #602.
options	crates/gvm-gmp/src/commands/agents.rs	ModifyAgentOpts	transitional	Pending bounded family migration under #602.
options	crates/gvm-gmp/src/commands/aggregates.rs	GetAggregatesOpts	transitional	Pending bounded family migration under #602.
options	crates/gvm-gmp/src/commands/aggregates.rs	GetAggregatesRequestOpts	transitional	Pending bounded family migration under #602.
options	crates/gvm-gmp/src/commands/alerts.rs	AlertOpts	transitional	Pending bounded family migration under #602.
options	crates/gvm-gmp/src/commands/alerts.rs	GetAlertsOpts	transitional	Pending bounded family migration under #602.
options	crates/gvm-gmp/src/commands/alerts.rs	TriggerAlertOpts	transitional	Pending bounded family migration under #602.
options	crates/gvm-gmp/src/commands/assets.rs	CreateAssetOpts	transitional	Pending bounded family migration under #602.
options	crates/gvm-gmp/src/commands/assets.rs	DeleteAssetOpts	transitional	Pending bounded family migration under #602.
options	crates/gvm-gmp/src/commands/assets.rs	GetAssetsOpts	transitional	Pending bounded family migration under #602.
options	crates/gvm-gmp/src/commands/assets.rs	ModifyAssetOpts	transitional	Pending bounded family migration under #602.
options	crates/gvm-gmp/src/commands/configs.rs	CloneConfigOpts	transitional	Pending bounded family migration under #602.
options	crates/gvm-gmp/src/commands/configs.rs	CreateConfigOpts	transitional	Pending bounded family migration under #602.
options	crates/gvm-gmp/src/commands/configs.rs	DeleteConfigOpts	transitional	Pending bounded family migration under #602.
options	crates/gvm-gmp/src/commands/configs.rs	GetConfigOpts	transitional	Pending bounded family migration under #602.
options	crates/gvm-gmp/src/commands/configs.rs	GetConfigsOpts	transitional	Pending bounded family migration under #602.
options	crates/gvm-gmp/src/commands/configs.rs	ModifyConfigOpts	transitional	Pending bounded family migration under #602.
options	crates/gvm-gmp/src/commands/credentials.rs	CredentialOpts	transitional	Pending bounded family migration under #602.
options	crates/gvm-gmp/src/commands/credentials.rs	CredentialStoreCredentialOpts	transitional	Pending bounded family migration under #602.
options	crates/gvm-gmp/src/commands/credentials.rs	GetCredentialStoresOpts	transitional	Pending bounded family migration under #602.
options	crates/gvm-gmp/src/commands/credentials.rs	GetCredentialsOpts	transitional	Pending bounded family migration under #602.
options	crates/gvm-gmp/src/commands/credentials.rs	ModifyCredentialOpts	transitional	Pending bounded family migration under #602.
options	crates/gvm-gmp/src/commands/credentials.rs	ModifyCredentialStoreCredentialOpts	transitional	Pending bounded family migration under #602.
options	crates/gvm-gmp/src/commands/credentials.rs	ModifyCredentialStoreOpts	transitional	Pending bounded family migration under #602.
options	crates/gvm-gmp/src/commands/filters.rs	FilterOpts	transitional	Pending bounded family migration under #602.
options	crates/gvm-gmp/src/commands/filters.rs	GetFiltersOpts	transitional	Pending bounded family migration under #602.
options	crates/gvm-gmp/src/commands/groups.rs	GetGroupsOpts	transitional	Pending bounded family migration under #602.
options	crates/gvm-gmp/src/commands/groups.rs	GroupOpts	transitional	Pending bounded family migration under #602.
options	crates/gvm-gmp/src/commands/hosts.rs	GetHostsOpts	transitional	Pending bounded family migration under #602.
options	crates/gvm-gmp/src/commands/hosts.rs	HostOpts	transitional	Pending bounded family migration under #602.
options	crates/gvm-gmp/src/commands/integration_configs.rs	GetIntegrationConfigsOpts	transitional	Pending bounded family migration under #602.
options	crates/gvm-gmp/src/commands/integration_configs.rs	ModifyIntegrationConfigOpts	transitional	Pending bounded family migration under #602.
options	crates/gvm-gmp/src/commands/notes.rs	GetNotesOpts	transitional	Pending bounded family migration under #602.
options	crates/gvm-gmp/src/commands/notes.rs	ModifyNoteOpts	transitional	Pending bounded family migration under #602.
options	crates/gvm-gmp/src/commands/notes.rs	NoteOpts	transitional	Pending bounded family migration under #602.
options	crates/gvm-gmp/src/commands/nvts.rs	GetNvtPreferencesOpts	transitional	Pending bounded family migration under #602.
options	crates/gvm-gmp/src/commands/nvts.rs	GetNvtsOpts	transitional	Pending bounded family migration under #602.
options	crates/gvm-gmp/src/commands/oci_image_targets.rs	CreateOciImageTargetOpts	removed	Removed by #609; fields now belong to CreateOciImageTargetRequest.
options	crates/gvm-gmp/src/commands/oci_image_targets.rs	GetOciImageTargetsOpts	removed	Removed by #609; fields now belong to GetOciImageTargetsRequest.
options	crates/gvm-gmp/src/commands/oci_image_targets.rs	ModifyOciImageTargetOpts	removed	Removed by #609; fields now belong to ModifyOciImageTargetRequest.
options	crates/gvm-gmp/src/commands/operating_systems.rs	GetOperatingSystemsOpts	transitional	Pending bounded family migration under #602.
options	crates/gvm-gmp/src/commands/overrides.rs	GetOverridesOpts	transitional	Pending bounded family migration under #602.
options	crates/gvm-gmp/src/commands/overrides.rs	ModifyOverrideOpts	transitional	Pending bounded family migration under #602.
options	crates/gvm-gmp/src/commands/overrides.rs	OverrideOpts	transitional	Pending bounded family migration under #602.
options	crates/gvm-gmp/src/commands/permissions.rs	GetPermissionsOpts	transitional	Pending bounded family migration under #602.
options	crates/gvm-gmp/src/commands/permissions.rs	PermissionOpts	transitional	Pending bounded family migration under #602.
options	crates/gvm-gmp/src/commands/port_lists.rs	GetPortListsOpts	transitional	Pending bounded family migration under #602.
options	crates/gvm-gmp/src/commands/port_lists.rs	ModifyPortListOpts	transitional	Pending bounded family migration under #602.
options	crates/gvm-gmp/src/commands/port_lists.rs	PortListOpts	transitional	Pending bounded family migration under #602.
options	crates/gvm-gmp/src/commands/report_configs.rs	CreateReportConfigOpts	transitional	Pending bounded family migration under #602.
options	crates/gvm-gmp/src/commands/report_configs.rs	DeleteReportConfigOpts	transitional	Pending bounded family migration under #602.
options	crates/gvm-gmp/src/commands/report_configs.rs	GetReportConfigsOpts	transitional	Pending bounded family migration under #602.
options	crates/gvm-gmp/src/commands/report_configs.rs	ModifyReportConfigOpts	transitional	Pending bounded family migration under #602.
options	crates/gvm-gmp/src/commands/report_formats.rs	GetReportFormatsOpts	transitional	Pending bounded family migration under #602.
options	crates/gvm-gmp/src/commands/report_formats.rs	ReportFormatOpts	transitional	Pending bounded family migration under #602.
options	crates/gvm-gmp/src/commands/reports.rs	CreateReportOpts	transitional	Pending bounded family migration under #602.
options	crates/gvm-gmp/src/commands/reports.rs	ExportScanReportOpts	transitional	Pending bounded family migration under #602.
options	crates/gvm-gmp/src/commands/reports.rs	GetAuditReportHostsOpts	transitional	Pending bounded family migration under #602.
options	crates/gvm-gmp/src/commands/reports.rs	GetAuditReportOpts	transitional	Pending bounded family migration under #602.
options	crates/gvm-gmp/src/commands/reports.rs	GetReportDetailsOpts	transitional	Pending bounded family migration under #602.
options	crates/gvm-gmp/src/commands/reports.rs	GetReportExportOpts	transitional	Pending bounded family migration under #602.
options	crates/gvm-gmp/src/commands/reports.rs	GetReportsOpts	transitional	Pending bounded family migration under #602.
options	crates/gvm-gmp/src/commands/reports.rs	GetScanReportOpts	transitional	Pending bounded family migration under #602.
options	crates/gvm-gmp/src/commands/reports.rs	ImportReportOpts	transitional	Pending bounded family migration under #602.
options	crates/gvm-gmp/src/commands/results.rs	GetResultsOpts	transitional	Pending bounded family migration under #602.
options	crates/gvm-gmp/src/commands/roles.rs	GetRolesOpts	transitional	Pending bounded family migration under #602.
options	crates/gvm-gmp/src/commands/roles.rs	RoleOpts	transitional	Pending bounded family migration under #602.
options	crates/gvm-gmp/src/commands/scan_configs.rs	ConfigOpts	transitional	Pending bounded family migration under #602.
options	crates/gvm-gmp/src/commands/scan_configs.rs	GetPolicyOpts	transitional	Pending bounded family migration under #602.
options	crates/gvm-gmp/src/commands/scan_configs.rs	GetScanConfigPreferencesOpts	transitional	Pending bounded family migration under #602.
options	crates/gvm-gmp/src/commands/scan_configs.rs	GetScanConfigsOpts	transitional	Pending bounded family migration under #602.
options	crates/gvm-gmp/src/commands/scanners.rs	GetScannersOpts	transitional	Pending bounded family migration under #602.
options	crates/gvm-gmp/src/commands/scanners.rs	ScannerOpts	transitional	Pending bounded family migration under #602.
options	crates/gvm-gmp/src/commands/schedules.rs	GetSchedulesOpts	transitional	Pending bounded family migration under #602.
options	crates/gvm-gmp/src/commands/schedules.rs	ScheduleOpts	transitional	Pending bounded family migration under #602.
options	crates/gvm-gmp/src/commands/secinfo.rs	GetInfoListOpts	transitional	Pending bounded family migration under #602.
options	crates/gvm-gmp/src/commands/secinfo.rs	GetSecInfoOpts	transitional	Pending bounded family migration under #602.
options	crates/gvm-gmp/src/commands/system.rs	FilteredGetOpts	transitional	Pending bounded family migration under #602.
options	crates/gvm-gmp/src/commands/system.rs	GetAggregatesOpts	transitional	Pending bounded family migration under #602.
options	crates/gvm-gmp/src/commands/system.rs	GetFeedsOpts	transitional	Pending bounded family migration under #602.
options	crates/gvm-gmp/src/commands/system.rs	GetInfoOpts	transitional	Pending bounded family migration under #602.
options	crates/gvm-gmp/src/commands/system.rs	GetResourceNamesOpts	transitional	Pending bounded family migration under #602.
options	crates/gvm-gmp/src/commands/system.rs	ModifyLicenseOpts	transitional	Pending bounded family migration under #602.
options	crates/gvm-gmp/src/commands/system.rs	RunWizardOpts	transitional	Pending bounded family migration under #602.
options	crates/gvm-gmp/src/commands/system_reports.rs	GetSystemReportsOpts	transitional	Pending bounded family migration under #602.
options	crates/gvm-gmp/src/commands/tags.rs	GetTagsOpts	transitional	Pending bounded family migration under #602.
options	crates/gvm-gmp/src/commands/tags.rs	TagOpts	transitional	Pending bounded family migration under #602.
options	crates/gvm-gmp/src/commands/targets.rs	CreateTargetOpts	removed	Removed by #607; fields now belong to CreateTargetRequest.
options	crates/gvm-gmp/src/commands/targets.rs	GetTargetsOpts	removed	Removed by #607; fields now belong to GetTargetsRequest.
options	crates/gvm-gmp/src/commands/targets.rs	ModifyTargetOpts	removed	Removed by #607; fields now belong to ModifyTargetRequest.
options	crates/gvm-gmp/src/commands/tasks.rs	CreateAgentGroupTaskOpts	transitional	Pending bounded family migration under #602.
options	crates/gvm-gmp/src/commands/tasks.rs	CreateOciImageTargetTaskOpts	transitional	Pending bounded family migration under #602.
options	crates/gvm-gmp/src/commands/tasks.rs	CreateTaskOpts	transitional	Pending bounded family migration under #602.
options	crates/gvm-gmp/src/commands/tasks.rs	CreateWebApplicationTaskOpts	transitional	Pending bounded family migration under #602.
options	crates/gvm-gmp/src/commands/tasks.rs	GetTasksOpts	transitional	Pending bounded family migration under #602.
options	crates/gvm-gmp/src/commands/tasks.rs	ModifyTaskOpts	transitional	Pending bounded family migration under #602.
options	crates/gvm-gmp/src/commands/tickets.rs	CreateTicketOpts	frozen-ticket	Ticket surface is frozen by product scope.
options	crates/gvm-gmp/src/commands/tickets.rs	GetTicketsOpts	frozen-ticket	Ticket surface is frozen by product scope.
options	crates/gvm-gmp/src/commands/tickets.rs	ModifyTicketOpts	frozen-ticket	Ticket surface is frozen by product scope.
options	crates/gvm-gmp/src/commands/tls_certificates.rs	GetTlsCertificatesOpts	transitional	Pending bounded family migration under #602.
options	crates/gvm-gmp/src/commands/tls_certificates.rs	TlsCertificateOpts	transitional	Pending bounded family migration under #602.
options	crates/gvm-gmp/src/commands/user_settings.rs	GetUserSettingsOpts	transitional	Pending bounded family migration under #602.
options	crates/gvm-gmp/src/commands/user_settings.rs	ModifyUserSettingOpts	transitional	Pending bounded family migration under #602.
options	crates/gvm-gmp/src/commands/users.rs	GetUsersOpts	transitional	Pending bounded family migration under #602.
options	crates/gvm-gmp/src/commands/users.rs	ModifyUserOpts	transitional	Pending bounded family migration under #602.
options	crates/gvm-gmp/src/commands/users.rs	UserOpts	transitional	Pending bounded family migration under #602.
options	crates/gvm-gmp/src/commands/web_application_targets.rs	CreateWebApplicationTargetOpts	removed	Removed by #609; fields now belong to CreateWebApplicationTargetRequest.
options	crates/gvm-gmp/src/commands/web_application_targets.rs	GetWebApplicationTargetsOpts	removed	Removed by #609; fields now belong to GetWebApplicationTargetsRequest.
options	crates/gvm-gmp/src/commands/web_application_targets.rs	ModifyWebApplicationTargetOpts	removed	Removed by #609; fields now belong to ModifyWebApplicationTargetRequest.
request	crates/gvm-gmp/src/commands/agent_groups.rs	CloneAgentGroupRequest	transitional	Pending bounded family migration under #602.
request	crates/gvm-gmp/src/commands/agent_groups.rs	CreateAgentGroupRequest	transitional	Pending bounded family migration under #602.
request	crates/gvm-gmp/src/commands/agent_groups.rs	DeleteAgentGroupRequest	transitional	Pending bounded family migration under #602.
request	crates/gvm-gmp/src/commands/agent_groups.rs	GetAgentGroupRequest	transitional	Pending bounded family migration under #602.
request	crates/gvm-gmp/src/commands/agent_groups.rs	GetAgentGroupsRequest	transitional	Pending bounded family migration under #602.
request	crates/gvm-gmp/src/commands/agent_groups.rs	ModifyAgentGroupRequest	transitional	Pending bounded family migration under #602.
request	crates/gvm-gmp/src/commands/agents.rs	DeleteAgentRequest	transitional	Pending bounded family migration under #602.
request	crates/gvm-gmp/src/commands/agents.rs	GetAgentInstallerInstructionRequest	transitional	Pending bounded family migration under #602.
request	crates/gvm-gmp/src/commands/agents.rs	GetAgentRequest	transitional	Pending bounded family migration under #602.
request	crates/gvm-gmp/src/commands/agents.rs	GetAgentSupportBundleRequest	transitional	Pending bounded family migration under #602.
request	crates/gvm-gmp/src/commands/agents.rs	GetAgentsRequest	transitional	Pending bounded family migration under #602.
request	crates/gvm-gmp/src/commands/agents.rs	ModifyAgentControlScanConfigRequest	transitional	Pending bounded family migration under #602.
request	crates/gvm-gmp/src/commands/agents.rs	ModifyAgentRequest	transitional	Pending bounded family migration under #602.
request	crates/gvm-gmp/src/commands/agents.rs	SyncAgentsRequest	transitional	Pending bounded family migration under #602.
request	crates/gvm-gmp/src/commands/aggregates.rs	GetAggregatesRequest	transitional	Pending bounded family migration under #602.
request	crates/gvm-gmp/src/commands/aggregates.rs	GetLegacyAggregatesRequest	transitional	Pending bounded family migration under #602.
request	crates/gvm-gmp/src/commands/alerts.rs	CloneAlertRequest	transitional	Pending bounded family migration under #602.
request	crates/gvm-gmp/src/commands/alerts.rs	CreateAlertRequest	transitional	Pending bounded family migration under #602.
request	crates/gvm-gmp/src/commands/alerts.rs	DeleteAlertRequest	transitional	Pending bounded family migration under #602.
request	crates/gvm-gmp/src/commands/alerts.rs	GetAlertRequest	transitional	Pending bounded family migration under #602.
request	crates/gvm-gmp/src/commands/alerts.rs	GetAlertsRequest	transitional	Pending bounded family migration under #602.
request	crates/gvm-gmp/src/commands/alerts.rs	ModifyAlertRequest	transitional	Pending bounded family migration under #602.
request	crates/gvm-gmp/src/commands/alerts.rs	TestAlertRequest	transitional	Pending bounded family migration under #602.
request	crates/gvm-gmp/src/commands/alerts.rs	TriggerAlertRequest	transitional	Pending bounded family migration under #602.
request	crates/gvm-gmp/src/commands/assets.rs	CreateAssetRequest	transitional	Pending bounded family migration under #602.
request	crates/gvm-gmp/src/commands/assets.rs	DeleteAssetRequest	transitional	Pending bounded family migration under #602.
request	crates/gvm-gmp/src/commands/assets.rs	GetAssetRequest	transitional	Pending bounded family migration under #602.
request	crates/gvm-gmp/src/commands/assets.rs	GetAssetsRequest	transitional	Pending bounded family migration under #602.
request	crates/gvm-gmp/src/commands/assets.rs	ModifyAssetRequest	transitional	Pending bounded family migration under #602.
request	crates/gvm-gmp/src/commands/authentication.rs	AuthenticateRequest	transitional	Pending bounded family migration under #602.
request	crates/gvm-gmp/src/commands/configs.rs	CloneConfigRequest	transitional	Pending bounded family migration under #602.
request	crates/gvm-gmp/src/commands/configs.rs	CreateConfigRequest	transitional	Pending bounded family migration under #602.
request	crates/gvm-gmp/src/commands/configs.rs	DeleteConfigRequest	transitional	Pending bounded family migration under #602.
request	crates/gvm-gmp/src/commands/configs.rs	GetConfigRequest	transitional	Pending bounded family migration under #602.
request	crates/gvm-gmp/src/commands/configs.rs	GetConfigsRequest	transitional	Pending bounded family migration under #602.
request	crates/gvm-gmp/src/commands/configs.rs	ModifyConfigRequest	transitional	Pending bounded family migration under #602.
request	crates/gvm-gmp/src/commands/credentials.rs	CloneCredentialRequest	transitional	Pending bounded family migration under #602.
request	crates/gvm-gmp/src/commands/credentials.rs	CreateCredentialRequest	transitional	Pending bounded family migration under #602.
request	crates/gvm-gmp/src/commands/credentials.rs	CreateCredentialStoreCredentialRequest	transitional	Pending bounded family migration under #602.
request	crates/gvm-gmp/src/commands/credentials.rs	DeleteCredentialRequest	transitional	Pending bounded family migration under #602.
request	crates/gvm-gmp/src/commands/credentials.rs	GetCredentialRequest	transitional	Pending bounded family migration under #602.
request	crates/gvm-gmp/src/commands/credentials.rs	GetCredentialStoreRequest	transitional	Pending bounded family migration under #602.
request	crates/gvm-gmp/src/commands/credentials.rs	GetCredentialStoresRequest	transitional	Pending bounded family migration under #602.
request	crates/gvm-gmp/src/commands/credentials.rs	GetCredentialsRequest	transitional	Pending bounded family migration under #602.
request	crates/gvm-gmp/src/commands/credentials.rs	ModifyCredentialRequest	transitional	Pending bounded family migration under #602.
request	crates/gvm-gmp/src/commands/credentials.rs	ModifyCredentialStoreCredentialRequest	transitional	Pending bounded family migration under #602.
request	crates/gvm-gmp/src/commands/credentials.rs	ModifyCredentialStoreRequest	transitional	Pending bounded family migration under #602.
request	crates/gvm-gmp/src/commands/credentials.rs	VerifyCredentialStoreRequest	transitional	Pending bounded family migration under #602.
request	crates/gvm-gmp/src/commands/features.rs	GetFeaturesRequest	transitional	Pending bounded family migration under #602.
request	crates/gvm-gmp/src/commands/feed.rs	GetFeedRequest	transitional	Pending bounded family migration under #602.
request	crates/gvm-gmp/src/commands/feed.rs	GetFeedsRequest	transitional	Pending bounded family migration under #602.
request	crates/gvm-gmp/src/commands/filters.rs	CreateFilterRequest	transitional	Pending bounded family migration under #602.
request	crates/gvm-gmp/src/commands/filters.rs	DeleteFilterRequest	transitional	Pending bounded family migration under #602.
request	crates/gvm-gmp/src/commands/filters.rs	GetFiltersRequest	transitional	Pending bounded family migration under #602.
request	crates/gvm-gmp/src/commands/filters.rs	ModifyFilterRequest	transitional	Pending bounded family migration under #602.
request	crates/gvm-gmp/src/commands/groups.rs	CreateGroupRequest	transitional	Pending bounded family migration under #602.
request	crates/gvm-gmp/src/commands/groups.rs	DeleteGroupRequest	transitional	Pending bounded family migration under #602.
request	crates/gvm-gmp/src/commands/groups.rs	GetGroupsRequest	transitional	Pending bounded family migration under #602.
request	crates/gvm-gmp/src/commands/groups.rs	ModifyGroupRequest	transitional	Pending bounded family migration under #602.
request	crates/gvm-gmp/src/commands/help.rs	HelpRequest	transitional	Pending bounded family migration under #602.
request	crates/gvm-gmp/src/commands/help.rs	HelpWithModeRequest	transitional	Pending bounded family migration under #602.
request	crates/gvm-gmp/src/commands/hosts.rs	CreateHostRequest	transitional	Pending bounded family migration under #602.
request	crates/gvm-gmp/src/commands/hosts.rs	DeleteHostRequest	transitional	Pending bounded family migration under #602.
request	crates/gvm-gmp/src/commands/hosts.rs	GetHostRequest	transitional	Pending bounded family migration under #602.
request	crates/gvm-gmp/src/commands/hosts.rs	GetHostsRequest	transitional	Pending bounded family migration under #602.
request	crates/gvm-gmp/src/commands/hosts.rs	ModifyHostRequest	transitional	Pending bounded family migration under #602.
request	crates/gvm-gmp/src/commands/integration_configs.rs	GetIntegrationConfigRequest	transitional	Pending bounded family migration under #602.
request	crates/gvm-gmp/src/commands/integration_configs.rs	GetIntegrationConfigsRequest	transitional	Pending bounded family migration under #602.
request	crates/gvm-gmp/src/commands/integration_configs.rs	ModifyIntegrationConfigRequest	transitional	Pending bounded family migration under #602.
request	crates/gvm-gmp/src/commands/notes.rs	CreateNoteRequest	transitional	Pending bounded family migration under #602.
request	crates/gvm-gmp/src/commands/notes.rs	DeleteNoteRequest	transitional	Pending bounded family migration under #602.
request	crates/gvm-gmp/src/commands/notes.rs	GetNotesRequest	transitional	Pending bounded family migration under #602.
request	crates/gvm-gmp/src/commands/notes.rs	ModifyNoteRequest	transitional	Pending bounded family migration under #602.
request	crates/gvm-gmp/src/commands/nvts.rs	GetNvtFamiliesRequest	transitional	Pending bounded family migration under #602.
request	crates/gvm-gmp/src/commands/nvts.rs	GetNvtPreferenceRequest	transitional	Pending bounded family migration under #602.
request	crates/gvm-gmp/src/commands/nvts.rs	GetNvtPreferencesRequest	transitional	Pending bounded family migration under #602.
request	crates/gvm-gmp/src/commands/nvts.rs	GetNvtRequest	transitional	Pending bounded family migration under #602.
request	crates/gvm-gmp/src/commands/nvts.rs	GetNvtsRequest	transitional	Pending bounded family migration under #602.
request	crates/gvm-gmp/src/commands/nvts.rs	GetScanConfigNvtRequest	transitional	Pending bounded family migration under #602.
request	crates/gvm-gmp/src/commands/nvts.rs	GetScanConfigNvtsRequest	transitional	Pending bounded family migration under #602.
request	crates/gvm-gmp/src/commands/oci_image_targets.rs	CloneOciImageTargetRequest	canonical-request	Complete clone input with semantic alias metadata, direct encoding, and typed response.
request	crates/gvm-gmp/src/commands/oci_image_targets.rs	CreateOciImageTargetRequest	canonical-request	Complete create input with direct metadata/encoding and typed response.
request	crates/gvm-gmp/src/commands/oci_image_targets.rs	DeleteOciImageTargetRequest	canonical-request	Complete delete input with direct metadata/encoding and typed response.
request	crates/gvm-gmp/src/commands/oci_image_targets.rs	GetOciImageTargetRequest	canonical-request	Complete detail input with semantic alias metadata, direct encoding, and typed response.
request	crates/gvm-gmp/src/commands/oci_image_targets.rs	GetOciImageTargetsRequest	canonical-request	Complete list input with direct metadata/encoding and typed response.
request	crates/gvm-gmp/src/commands/oci_image_targets.rs	ModifyOciImageTargetRequest	canonical-request	Complete modify input with direct metadata/encoding and typed response.
request	crates/gvm-gmp/src/commands/operating_systems.rs	DeleteOperatingSystemAssetRequest	transitional	Pending bounded family migration under #602.
request	crates/gvm-gmp/src/commands/operating_systems.rs	GetOperatingSystemAssetRequest	transitional	Pending bounded family migration under #602.
request	crates/gvm-gmp/src/commands/operating_systems.rs	GetOperatingSystemAssetsRequest	transitional	Pending bounded family migration under #602.
request	crates/gvm-gmp/src/commands/operating_systems.rs	ModifyOperatingSystemAssetRequest	transitional	Pending bounded family migration under #602.
request	crates/gvm-gmp/src/commands/overrides.rs	CreateOverrideRequest	transitional	Pending bounded family migration under #602.
request	crates/gvm-gmp/src/commands/overrides.rs	DeleteOverrideRequest	transitional	Pending bounded family migration under #602.
request	crates/gvm-gmp/src/commands/overrides.rs	GetOverridesRequest	transitional	Pending bounded family migration under #602.
request	crates/gvm-gmp/src/commands/overrides.rs	ModifyOverrideRequest	transitional	Pending bounded family migration under #602.
request	crates/gvm-gmp/src/commands/permissions.rs	CreatePermissionRequest	transitional	Pending bounded family migration under #602.
request	crates/gvm-gmp/src/commands/permissions.rs	DeletePermissionRequest	transitional	Pending bounded family migration under #602.
request	crates/gvm-gmp/src/commands/permissions.rs	GetPermissionsRequest	transitional	Pending bounded family migration under #602.
request	crates/gvm-gmp/src/commands/permissions.rs	ModifyPermissionRequest	transitional	Pending bounded family migration under #602.
request	crates/gvm-gmp/src/commands/port_lists.rs	CreatePortListRequest	transitional	Pending bounded family migration under #602.
request	crates/gvm-gmp/src/commands/port_lists.rs	CreatePortRangeRequest	transitional	Pending bounded family migration under #602.
request	crates/gvm-gmp/src/commands/port_lists.rs	DeletePortListRequest	transitional	Pending bounded family migration under #602.
request	crates/gvm-gmp/src/commands/port_lists.rs	DeletePortRangeRequest	transitional	Pending bounded family migration under #602.
request	crates/gvm-gmp/src/commands/port_lists.rs	GetPortListsRequest	transitional	Pending bounded family migration under #602.
request	crates/gvm-gmp/src/commands/port_lists.rs	ModifyPortListRequest	transitional	Pending bounded family migration under #602.
request	crates/gvm-gmp/src/commands/report_configs.rs	CreateReportConfigRequest	transitional	Pending bounded family migration under #602.
request	crates/gvm-gmp/src/commands/report_configs.rs	CreateReportConfigWithOptsRequest	transitional	Pending bounded family migration under #602.
request	crates/gvm-gmp/src/commands/report_configs.rs	DeleteReportConfigWithOptsRequest	transitional	Pending bounded family migration under #602.
request	crates/gvm-gmp/src/commands/report_configs.rs	GetReportConfigsRequest	transitional	Pending bounded family migration under #602.
request	crates/gvm-gmp/src/commands/report_configs.rs	GetReportConfigsWithOptsRequest	transitional	Pending bounded family migration under #602.
request	crates/gvm-gmp/src/commands/report_configs.rs	ModifyReportConfigRequest	transitional	Pending bounded family migration under #602.
request	crates/gvm-gmp/src/commands/report_formats.rs	CreateReportFormatRequest	transitional	Pending bounded family migration under #602.
request	crates/gvm-gmp/src/commands/report_formats.rs	DeleteReportFormatRequest	transitional	Pending bounded family migration under #602.
request	crates/gvm-gmp/src/commands/report_formats.rs	GetReportFormatsRequest	transitional	Pending bounded family migration under #602.
request	crates/gvm-gmp/src/commands/report_formats.rs	ImportReportFormatRequest	transitional	Pending bounded family migration under #602.
request	crates/gvm-gmp/src/commands/report_formats.rs	ModifyReportFormatRequest	transitional	Pending bounded family migration under #602.
request	crates/gvm-gmp/src/commands/reports.rs	CreateReportRequest	transitional	Pending bounded family migration under #602.
request	crates/gvm-gmp/src/commands/reports.rs	DeleteAuditReportRequest	transitional	Pending bounded family migration under #602.
request	crates/gvm-gmp/src/commands/reports.rs	DeleteReportRequest	transitional	Pending bounded family migration under #602.
request	crates/gvm-gmp/src/commands/reports.rs	ExportScanReportRequest	transitional	Pending bounded family migration under #602.
request	crates/gvm-gmp/src/commands/reports.rs	GetAuditReportHostsRequest	transitional	Pending bounded family migration under #602.
request	crates/gvm-gmp/src/commands/reports.rs	GetAuditReportRequest	transitional	Pending bounded family migration under #602.
request	crates/gvm-gmp/src/commands/reports.rs	GetAuditReportsRequest	transitional	Pending bounded family migration under #602.
request	crates/gvm-gmp/src/commands/reports.rs	GetReportExportRequest	transitional	Pending bounded family migration under #602.
request	crates/gvm-gmp/src/commands/reports.rs	GetReportRequest	transitional	Pending bounded family migration under #602.
request	crates/gvm-gmp/src/commands/reports.rs	GetReportsRequest	transitional	Pending bounded family migration under #602.
request	crates/gvm-gmp/src/commands/reports.rs	GetScanReportRequest	transitional	Pending bounded family migration under #602.
request	crates/gvm-gmp/src/commands/reports.rs	ImportReportRequest	transitional	Pending bounded family migration under #602.
request	crates/gvm-gmp/src/commands/results.rs	GetResultRequest	transitional	Pending bounded family migration under #602.
request	crates/gvm-gmp/src/commands/results.rs	GetResultsRequest	transitional	Pending bounded family migration under #602.
request	crates/gvm-gmp/src/commands/roles.rs	CreateRoleRequest	transitional	Pending bounded family migration under #602.
request	crates/gvm-gmp/src/commands/roles.rs	DeleteRoleRequest	transitional	Pending bounded family migration under #602.
request	crates/gvm-gmp/src/commands/roles.rs	GetRolesRequest	transitional	Pending bounded family migration under #602.
request	crates/gvm-gmp/src/commands/roles.rs	ModifyRoleRequest	transitional	Pending bounded family migration under #602.
request	crates/gvm-gmp/src/commands/scan_configs.rs	ClonePolicyRequest	transitional	Pending bounded family migration under #602.
request	crates/gvm-gmp/src/commands/scan_configs.rs	CloneScanConfigRequest	transitional	Pending bounded family migration under #602.
request	crates/gvm-gmp/src/commands/scan_configs.rs	CreatePolicyRequest	transitional	Pending bounded family migration under #602.
request	crates/gvm-gmp/src/commands/scan_configs.rs	CreateScanConfigRequest	transitional	Pending bounded family migration under #602.
request	crates/gvm-gmp/src/commands/scan_configs.rs	DeletePolicyRequest	transitional	Pending bounded family migration under #602.
request	crates/gvm-gmp/src/commands/scan_configs.rs	DeleteScanConfigRequest	transitional	Pending bounded family migration under #602.
request	crates/gvm-gmp/src/commands/scan_configs.rs	GetPoliciesRequest	transitional	Pending bounded family migration under #602.
request	crates/gvm-gmp/src/commands/scan_configs.rs	GetPolicyRequest	transitional	Pending bounded family migration under #602.
request	crates/gvm-gmp/src/commands/scan_configs.rs	GetScanConfigPreferenceRequest	transitional	Pending bounded family migration under #602.
request	crates/gvm-gmp/src/commands/scan_configs.rs	GetScanConfigPreferencesRequest	transitional	Pending bounded family migration under #602.
request	crates/gvm-gmp/src/commands/scan_configs.rs	GetScanConfigRequest	transitional	Pending bounded family migration under #602.
request	crates/gvm-gmp/src/commands/scan_configs.rs	GetScanConfigsRequest	transitional	Pending bounded family migration under #602.
request	crates/gvm-gmp/src/commands/scan_configs.rs	ImportPolicyRequest	transitional	Pending bounded family migration under #602.
request	crates/gvm-gmp/src/commands/scan_configs.rs	ImportScanConfigRequest	transitional	Pending bounded family migration under #602.
request	crates/gvm-gmp/src/commands/scan_configs.rs	ModifyPolicyRequest	transitional	Pending bounded family migration under #602.
request	crates/gvm-gmp/src/commands/scan_configs.rs	ModifyScanConfigRequest	transitional	Pending bounded family migration under #602.
request	crates/gvm-gmp/src/commands/scan_configs.rs	SyncConfigRequest	transitional	Pending bounded family migration under #602.
request	crates/gvm-gmp/src/commands/scanners.rs	CloneScannerRequest	transitional	Pending bounded family migration under #602.
request	crates/gvm-gmp/src/commands/scanners.rs	CreateScannerRequest	transitional	Pending bounded family migration under #602.
request	crates/gvm-gmp/src/commands/scanners.rs	DeleteScannerRequest	transitional	Pending bounded family migration under #602.
request	crates/gvm-gmp/src/commands/scanners.rs	GetScannerRequest	transitional	Pending bounded family migration under #602.
request	crates/gvm-gmp/src/commands/scanners.rs	GetScannersRequest	transitional	Pending bounded family migration under #602.
request	crates/gvm-gmp/src/commands/scanners.rs	ModifyScannerRequest	transitional	Pending bounded family migration under #602.
request	crates/gvm-gmp/src/commands/scanners.rs	VerifyScannerRequest	transitional	Pending bounded family migration under #602.
request	crates/gvm-gmp/src/commands/schedules.rs	CloneScheduleRequest	transitional	Pending bounded family migration under #602.
request	crates/gvm-gmp/src/commands/schedules.rs	CreateScheduleRequest	transitional	Pending bounded family migration under #602.
request	crates/gvm-gmp/src/commands/schedules.rs	CreateTypedScheduleRequest	transitional	Pending bounded family migration under #602.
request	crates/gvm-gmp/src/commands/schedules.rs	DeleteScheduleRequest	transitional	Pending bounded family migration under #602.
request	crates/gvm-gmp/src/commands/schedules.rs	GetScheduleRequest	transitional	Pending bounded family migration under #602.
request	crates/gvm-gmp/src/commands/schedules.rs	GetSchedulesRequest	transitional	Pending bounded family migration under #602.
request	crates/gvm-gmp/src/commands/schedules.rs	ModifyScheduleRequest	transitional	Pending bounded family migration under #602.
request	crates/gvm-gmp/src/commands/schedules.rs	ModifyTypedScheduleRequest	transitional	Pending bounded family migration under #602.
request	crates/gvm-gmp/src/commands/secinfo.rs	GetInfoListRequest	transitional	Pending bounded family migration under #602.
request	crates/gvm-gmp/src/commands/secinfo.rs	GetInfoRequest	transitional	Pending bounded family migration under #602.
request	crates/gvm-gmp/src/commands/system.rs	DescribeAuthRequest	transitional	Pending bounded family migration under #602.
request	crates/gvm-gmp/src/commands/system.rs	GetLicenseRequest	transitional	Pending bounded family migration under #602.
request	crates/gvm-gmp/src/commands/system.rs	GetResourceNameRequest	transitional	Pending bounded family migration under #602.
request	crates/gvm-gmp/src/commands/system.rs	GetResourceNamesRequest	transitional	Pending bounded family migration under #602.
request	crates/gvm-gmp/src/commands/system.rs	GetSettingsRequest	transitional	Pending bounded family migration under #602.
request	crates/gvm-gmp/src/commands/system.rs	GetSystemAggregatesRequest	transitional	Pending bounded family migration under #602.
request	crates/gvm-gmp/src/commands/system.rs	GetSystemFeedsRequest	transitional	Pending bounded family migration under #602.
request	crates/gvm-gmp/src/commands/system.rs	GetSystemInfoRequest	transitional	Pending bounded family migration under #602.
request	crates/gvm-gmp/src/commands/system.rs	GetSystemPreferencesRequest	transitional	Pending bounded family migration under #602.
request	crates/gvm-gmp/src/commands/system.rs	GetTimezonesRequest	transitional	Pending bounded family migration under #602.
request	crates/gvm-gmp/src/commands/system.rs	GetVulnRequest	transitional	Pending bounded family migration under #602.
request	crates/gvm-gmp/src/commands/system.rs	GetVulnerabilityRequest	transitional	Pending bounded family migration under #602.
request	crates/gvm-gmp/src/commands/system.rs	GetVulnsRequest	transitional	Pending bounded family migration under #602.
request	crates/gvm-gmp/src/commands/system.rs	ModifyAuthRequest	transitional	Pending bounded family migration under #602.
request	crates/gvm-gmp/src/commands/system.rs	ModifyLicenseRequest	transitional	Pending bounded family migration under #602.
request	crates/gvm-gmp/src/commands/system.rs	ModifyLicenseWithOptsRequest	transitional	Pending bounded family migration under #602.
request	crates/gvm-gmp/src/commands/system.rs	ModifySettingRequest	transitional	Pending bounded family migration under #602.
request	crates/gvm-gmp/src/commands/system.rs	RunWizardRequest	transitional	Pending bounded family migration under #602.
request	crates/gvm-gmp/src/commands/system.rs	RunWizardWithOptsRequest	transitional	Pending bounded family migration under #602.
request	crates/gvm-gmp/src/commands/system.rs	SystemHelpRequest	transitional	Pending bounded family migration under #602.
request	crates/gvm-gmp/src/commands/system_reports.rs	GetSystemReportsRequest	transitional	Pending bounded family migration under #602.
request	crates/gvm-gmp/src/commands/tags.rs	CreateTagRequest	transitional	Pending bounded family migration under #602.
request	crates/gvm-gmp/src/commands/tags.rs	DeleteTagRequest	transitional	Pending bounded family migration under #602.
request	crates/gvm-gmp/src/commands/tags.rs	GetTagsRequest	transitional	Pending bounded family migration under #602.
request	crates/gvm-gmp/src/commands/tags.rs	ModifyTagRequest	transitional	Pending bounded family migration under #602.
request	crates/gvm-gmp/src/commands/targets.rs	CloneTargetRequest	canonical-request	Complete clone input, semantic alias metadata, direct validation/encoding, and typed response.
request	crates/gvm-gmp/src/commands/targets.rs	CreateTargetRequest	canonical-request	Complete create input with final-value validation, direct encoding, and typed response.
request	crates/gvm-gmp/src/commands/targets.rs	DeleteTargetRequest	canonical-request	Complete delete input with direct metadata/encoding and typed response.
request	crates/gvm-gmp/src/commands/targets.rs	GetTargetRequest	canonical-request	Complete detail input with semantic alias metadata, direct encoding, and typed response.
request	crates/gvm-gmp/src/commands/targets.rs	GetTargetsRequest	canonical-request	Complete list input with direct metadata/encoding and typed response.
request	crates/gvm-gmp/src/commands/targets.rs	ModifyTargetRequest	canonical-request	Complete modify input with final-value validation, direct encoding, and typed response.
request	crates/gvm-gmp/src/commands/tasks.rs	CloneTaskRequest	transitional	Pending bounded family migration under #602.
request	crates/gvm-gmp/src/commands/tasks.rs	CreateAgentGroupTaskRequest	transitional	Pending bounded family migration under #602.
request	crates/gvm-gmp/src/commands/tasks.rs	CreateAuditRequest	transitional	Pending bounded family migration under #602.
request	crates/gvm-gmp/src/commands/tasks.rs	CreateContainerImageTaskRequest	transitional	Pending bounded family migration under #602.
request	crates/gvm-gmp/src/commands/tasks.rs	CreateContainerTaskRequest	transitional	Pending bounded family migration under #602.
request	crates/gvm-gmp/src/commands/tasks.rs	CreateImportTaskRequest	transitional	Pending bounded family migration under #602.
request	crates/gvm-gmp/src/commands/tasks.rs	CreateOciImageTargetTaskRequest	transitional	Pending bounded family migration under #602.
request	crates/gvm-gmp/src/commands/tasks.rs	CreateTaskRequest	transitional	Pending bounded family migration under #602.
request	crates/gvm-gmp/src/commands/tasks.rs	CreateWebApplicationTaskRequest	transitional	Pending bounded family migration under #602.
request	crates/gvm-gmp/src/commands/tasks.rs	DeleteTaskRequest	transitional	Pending bounded family migration under #602.
request	crates/gvm-gmp/src/commands/tasks.rs	GetAuditsRequest	transitional	Pending bounded family migration under #602.
request	crates/gvm-gmp/src/commands/tasks.rs	GetTaskRequest	transitional	Pending bounded family migration under #602.
request	crates/gvm-gmp/src/commands/tasks.rs	GetTasksRequest	transitional	Pending bounded family migration under #602.
request	crates/gvm-gmp/src/commands/tasks.rs	ModifyAuditRequest	transitional	Pending bounded family migration under #602.
request	crates/gvm-gmp/src/commands/tasks.rs	ModifyTaskRequest	transitional	Pending bounded family migration under #602.
request	crates/gvm-gmp/src/commands/tasks.rs	MoveTaskRequest	transitional	Pending bounded family migration under #602.
request	crates/gvm-gmp/src/commands/tls_certificates.rs	CreateTlsCertificateRequest	transitional	Pending bounded family migration under #602.
request	crates/gvm-gmp/src/commands/tls_certificates.rs	DeleteTlsCertificateRequest	transitional	Pending bounded family migration under #602.
request	crates/gvm-gmp/src/commands/tls_certificates.rs	GetTlsCertificatesRequest	transitional	Pending bounded family migration under #602.
request	crates/gvm-gmp/src/commands/tls_certificates.rs	ModifyTlsCertificateRequest	transitional	Pending bounded family migration under #602.
request	crates/gvm-gmp/src/commands/trashcan.rs	EmptyTrashcanRequest	transitional	Pending bounded family migration under #602.
request	crates/gvm-gmp/src/commands/user_settings.rs	GetUserSettingRequest	transitional	Pending bounded family migration under #602.
request	crates/gvm-gmp/src/commands/user_settings.rs	GetUserSettingsRequest	transitional	Pending bounded family migration under #602.
request	crates/gvm-gmp/src/commands/user_settings.rs	ModifyUserSettingRequest	transitional	Pending bounded family migration under #602.
request	crates/gvm-gmp/src/commands/users.rs	CreateUserRequest	transitional	Pending bounded family migration under #602.
request	crates/gvm-gmp/src/commands/users.rs	DeleteUserRequest	transitional	Pending bounded family migration under #602.
request	crates/gvm-gmp/src/commands/users.rs	GetUsersRequest	transitional	Pending bounded family migration under #602.
request	crates/gvm-gmp/src/commands/users.rs	ModifyUserRequest	transitional	Pending bounded family migration under #602.
request	crates/gvm-gmp/src/commands/version.rs	GetVersionRequest	transitional	Pending bounded family migration under #602.
request	crates/gvm-gmp/src/commands/web_application_targets.rs	CloneWebApplicationTargetRequest	canonical-request	Complete clone input with semantic alias metadata, direct encoding, and typed response.
request	crates/gvm-gmp/src/commands/web_application_targets.rs	CreateWebApplicationTargetRequest	canonical-request	Complete create input with direct metadata/encoding and typed response.
request	crates/gvm-gmp/src/commands/web_application_targets.rs	DeleteWebApplicationTargetRequest	canonical-request	Complete delete input with direct metadata/encoding and typed response.
request	crates/gvm-gmp/src/commands/web_application_targets.rs	GetWebApplicationTargetRequest	canonical-request	Complete detail input with semantic alias metadata, direct encoding, and typed response.
request	crates/gvm-gmp/src/commands/web_application_targets.rs	GetWebApplicationTargetsRequest	canonical-request	Complete list input with direct metadata/encoding and typed response.
request	crates/gvm-gmp/src/commands/web_application_targets.rs	ModifyWebApplicationTargetRequest	canonical-request	Complete modify input with direct metadata/encoding and typed response.
